project_id,operator_type,facility_type,region,country,market,delivery_year,tier,redundancy,cooling,build_type,it_load_mw,kw_per_rack,total_sf,schedule_premium,land_capex_musd,construction_capex_musd,total_capex_musd,cost_per_mw_musd,cost_per_sf_usd,cost_per_kw_usd,capex_shell_core_musd,share_shell_core,capex_electrical_musd,share_electrical,capex_mechanical_musd,share_mechanical,capex_fitout_network_musd,share_fitout_network,capex_gc_soft_musd,share_gc_soft
P00001,ai_cloud,wholesale_colo,APAC,Singapore,Singapore,2025,II,N,liquid_dtc,retrofit,11.2,18.0,63555.0,1.096,0.0,122.66,122.66,10.952,1930.0,10952.0,7.69,0.0627,54.69,0.4458,33.09,0.2698,10.55,0.086,16.64,0.1357
P00002,ai_cloud,retail_colo,APAC,Indonesia,Batam,2025,IV,2N,air,greenfield,23.2,8.0,210470.0,1.004,3.77,178.62,182.39,7.699,849.0,7699.0,30.11,0.1686,72.59,0.4064,36.54,0.2045,14.24,0.0797,25.14,0.1408
P00003,hyperscaler,hyperscale_ai,APAC,Japan,Osaka,2019,IV,2N,liquid_dtc,greenfield,189.3,55.0,601046.0,1.102,347.43,2686.31,3033.74,14.191,4469.0,14191.0,372.24,0.1386,1048.92,0.3905,697.8,0.2598,219.51,0.0817,347.85,0.1295
P00004,hyperscaler,wholesale_colo,Europe,UK,London,2023,IV,2N+1,air,greenfield,9.1,34.0,37757.0,1.073,15.51,131.8,147.32,14.484,3491.0,14484.0,20.57,0.1561,55.06,0.4177,27.67,0.2099,11.2,0.085,17.31,0.1313
P00005,colo_operator,retail_colo,North America,US,Northern Virginia,2026,IV,2N+1,free_air_evap,shell_fitout,8.2,7.0,82747.0,1.068,0.0,97.69,97.69,11.913,1181.0,11913.0,4.02,0.0411,50.84,0.5204,21.28,0.2178,8.08,0.0827,13.48,0.138
P00006,enterprise,hyperscale_cloud,Latin America,Mexico,Querétaro,2023,III,N+1,liquid_dtc,greenfield,39.9,13.0,247757.0,1.039,3.9,300.34,304.24,7.527,1212.0,7527.0,40.51,0.1349,116.39,0.3875,74.69,0.2487,24.14,0.0804,44.61,0.1485
P00007,developer,edge,APAC,Singapore,Singapore,2024,IV,2N,free_air_evap,shell_fitout,2.1,9.0,18122.0,1.018,0.0,26.09,26.09,12.425,1440.0,12425.0,1.03,0.0394,13.48,0.5168,5.46,0.2093,2.28,0.0873,3.84,0.1472
P00008,ai_cloud,wholesale_colo,Latin America,Chile,Santiago,2025,III,N+1,air,greenfield,24.9,31.0,101028.0,1.022,3.27,218.66,221.93,8.782,2164.0,8782.0,35.69,0.1632,85.94,0.393,47.1,0.2154,19.01,0.0869,30.93,0.1414
P00009,ai_cloud,wholesale_colo,APAC,Indonesia,Batam,2025,III,N+1,liquid_dtc,shell_fitout,30.0,22.0,158693.0,1.008,0.0,152.52,152.52,5.084,961.0,5084.0,1.58,0.0104,73.11,0.4794,43.46,0.2849,12.27,0.0804,22.1,0.1449
P00010,hyperscaler,hyperscale_cloud,APAC,Indonesia,Batam,2023,IV,2N,air,retrofit,36.9,13.0,226698.0,1.013,0.0,258.11,258.11,6.995,1139.0,6995.0,21.55,0.0835,121.28,0.4699,54.62,0.2116,22.58,0.0875,38.07,0.1475
P00011,enterprise,wholesale_colo,North America,US,Chicago,2020,IV,2N,hybrid_air_liquid,greenfield,18.8,32.0,77213.0,1.11,13.33,199.6,212.93,10.617,2585.0,10617.0,30.43,0.1524,81.34,0.4075,42.93,0.2151,15.75,0.0789,29.15,0.146
P00012,developer,hyperscale_ai,North America,US,Columbus,2024,III,N+1,liquid_dtc,greenfield,22.2,99.0,71583.0,1.037,13.48,267.34,280.82,12.042,3735.0,12042.0,39.73,0.1486,101.41,0.3793,66.04,0.247,21.62,0.0809,38.54,0.1442
P00013,developer,edge,APAC,Indonesia,Batam,2020,III,N+2,air,retrofit,0.8,8.0,7520.0,1.038,0.0,6.55,6.55,8.181,870.0,8181.0,0.54,0.082,3.13,0.4785,1.43,0.2186,0.5,0.0768,0.94,0.1441
P00014,developer,wholesale_colo,APAC,India,Chennai,2021,IV,2N,hybrid_air_liquid,greenfield,37.5,28.0,159546.0,1.087,3.65,239.41,243.06,6.384,1501.0,6384.0,35.03,0.1463,106.2,0.4436,47.0,0.1963,19.18,0.0801,32.0,0.1337
P00015,ai_cloud,hyperscale_cloud,APAC,Malaysia,Johor,2025,III,N+2,air,retrofit,29.7,19.0,141297.0,1.045,0.0,178.56,178.56,6.012,1264.0,6012.0,12.44,0.0697,83.17,0.4658,43.58,0.2441,14.89,0.0834,24.48,0.1371
P00016,colo_operator,hyperscale_cloud,Europe,Netherlands,Amsterdam,2020,III,N+1,air,greenfield,121.0,14.0,801711.0,1.109,234.43,890.92,1125.35,7.363,1111.0,7363.0,154.77,0.1737,360.73,0.4049,182.17,0.2045,73.35,0.0823,119.9,0.1346
P00017,colo_operator,hyperscale_ai,APAC,Singapore,Singapore,2025,II,N,liquid_dtc,greenfield,187.2,107.0,558190.0,1.091,393.84,2316.99,2710.82,12.377,4151.0,12377.0,321.56,0.1388,925.97,0.3996,583.63,0.2519,175.71,0.0758,310.11,0.1338
P00018,enterprise,retail_colo,APAC,Japan,Osaka,2026,III,N+1,free_air_evap,greenfield,19.8,18.0,119978.0,1.022,33.87,266.7,300.57,13.47,2223.0,13470.0,46.51,0.1744,111.91,0.4196,45.17,0.1694,23.71,0.0889,39.39,0.1477
P00019,developer,wholesale_colo,MEA,UAE,Dubai,2025,III,N+1,liquid_dtc,greenfield,17.3,35.0,66825.0,1.091,11.65,191.01,202.66,11.041,2858.0,11041.0,24.98,0.1308,78.28,0.4098,47.93,0.2509,14.61,0.0765,25.2,0.1319
P00020,colo_operator,wholesale_colo,Europe,Italy,Milan,2025,IV,2N,air,greenfield,10.2,37.0,37962.0,1.057,6.44,117.63,124.07,11.532,3099.0,11532.0,17.35,0.1475,50.28,0.4275,24.45,0.2078,9.2,0.0783,16.34,0.1389
P00021,ai_cloud,hyperscale_cloud,North America,US,Phoenix,2022,III,N+1,free_air_evap,greenfield,31.3,13.0,214367.0,1.103,14.14,247.74,261.88,7.915,1156.0,7915.0,43.14,0.1741,107.01,0.4319,42.04,0.1697,20.04,0.0809,35.51,0.1433
P00022,colo_operator,wholesale_colo,Europe,UK,London,2025,III,N+1,air,shell_fitout,67.6,14.0,452986.0,1.113,0.0,564.86,564.86,8.356,1247.0,8356.0,17.98,0.0318,270.66,0.4792,142.27,0.2519,46.68,0.0826,87.26,0.1545
P00023,developer,wholesale_colo,MEA,South Africa,Johannesburg,2022,IV,2N,hybrid_air_liquid,retrofit,21.8,36.0,93520.0,1.085,0.0,188.14,188.14,8.63,2012.0,8630.0,12.93,0.0687,89.25,0.4744,45.1,0.2397,14.84,0.0789,26.03,0.1384
P00024,enterprise,wholesale_colo,North America,US,Phoenix,2023,III,N+1,free_air_evap,shell_fitout,80.5,13.0,529568.0,1.069,0.0,458.38,458.38,5.694,866.0,5694.0,20.16,0.044,237.32,0.5177,94.54,0.2063,36.56,0.0798,69.8,0.1523
P00025,colo_operator,retail_colo,North America,US,Reno,2023,IV,2N,air,greenfield,8.4,8.0,75692.0,1.087,4.27,120.73,125.0,14.373,1595.0,14373.0,17.86,0.148,50.19,0.4157,25.57,0.2118,9.14,0.0757,17.97,0.1489
P00026,colo_operator,wholesale_colo,APAC,India,Mumbai,2026,III,N+2,free_air_evap,greenfield,6.7,22.0,33403.0,1.071,0.78,46.16,46.94,6.89,1382.0,6890.0,7.52,0.1629,20.12,0.4359,7.88,0.1707,3.65,0.079,6.99,0.1515
P00027,ai_cloud,wholesale_colo,APAC,India,Mumbai,2025,III,N+2,air,greenfield,39.3,29.0,171726.0,1.089,5.85,256.24,262.09,6.52,1492.0,6520.0,43.58,0.1701,104.21,0.4067,51.88,0.2025,19.0,0.0742,37.57,0.1466
P00028,hyperscaler,wholesale_colo,Nordics,Finland,Helsinki,2025,III,N+2,liquid_dtc,greenfield,6.6,20.0,32971.0,1.08,2.77,86.77,89.53,13.146,2632.0,13146.0,12.61,0.1453,34.53,0.3979,21.46,0.2473,6.66,0.0768,11.51,0.1327
P00029,colo_operator,hyperscale_cloud,North America,US,Abilene,2026,IV,2N,air,greenfield,158.1,19.0,784605.0,1.082,81.09,1490.57,1571.66,9.428,1900.0,9428.0,253.14,0.1698,607.62,0.4076,282.82,0.1897,119.42,0.0801,227.57,0.1527
P00030,enterprise,hyperscale_cloud,Nordics,Sweden,Stockholm,2024,IV,2N,hybrid_air_liquid,greenfield,36.8,18.0,199517.0,1.088,22.7,454.46,477.17,12.35,2278.0,12350.0,62.58,0.1377,189.74,0.4175,101.22,0.2227,36.71,0.0808,64.21,0.1413
P00031,ai_cloud,wholesale_colo,North America,US,Salt Lake City,2025,III,N+1,air,greenfield,10.5,39.0,38488.0,1.008,4.45,101.74,106.2,9.69,2644.0,9690.0,16.31,0.1603,43.57,0.4282,20.3,0.1996,7.9,0.0776,13.66,0.1343
P00032,colo_operator,wholesale_colo,Europe,Spain,Madrid,2025,III,N+1,air,greenfield,50.4,32.0,213792.0,1.059,20.17,404.27,424.44,8.021,1891.0,8021.0,65.46,0.1619,169.53,0.4194,80.94,0.2002,31.38,0.0776,56.96,0.1409
P00033,hyperscaler,hyperscale_ai,Europe,Germany,Frankfurt,2024,III,N+1,liquid_dtc,retrofit,20.8,86.0,66255.0,1.022,0.0,249.86,249.86,12.013,3771.0,12013.0,15.29,0.0612,115.24,0.4612,63.2,0.2529,19.84,0.0794,36.3,0.1453
P00034,colo_operator,hyperscale_ai,North America,US,Columbus,2025,IV,2N,liquid_dtc,shell_fitout,101.6,117.0,255908.0,1.014,0.0,868.62,868.62,8.549,3394.0,8549.0,9.39,0.0108,409.33,0.4712,241.3,0.2778,71.38,0.0822,137.22,0.158
P00035,developer,wholesale_colo,North America,US,Salt Lake City,2024,IV,2N,air,greenfield,15.2,24.0,77181.0,1.051,5.73,166.55,172.29,10.957,2158.0,10957.0,25.85,0.1552,70.55,0.4236,33.36,0.2003,13.66,0.082,23.14,0.1389
P00036,colo_operator,hyperscale_cloud,MEA,UAE,Dubai,2026,II,N,air,retrofit,101.6,27.0,437061.0,1.029,0.0,648.11,648.11,6.379,1483.0,6379.0,47.4,0.0731,302.06,0.4661,153.52,0.2369,54.44,0.084,90.69,0.1399
P00037,enterprise,hyperscale_ai,Latin America,Mexico,Querétaro,2021,III,N+2,hybrid_air_liquid,greenfield,80.9,44.0,293558.0,1.033,13.14,639.07,652.21,7.9,2177.0,7900.0,94.77,0.1483,278.7,0.4361,131.91,0.2064,48.24,0.0755,85.46,0.1337
P00038,colo_operator,retail_colo,APAC,Australia,Melbourne,2023,III,N+1,air,shell_fitout,10.0,15.0,62913.0,1.086,0.0,74.96,74.96,7.496,1191.0,7496.0,2.27,0.0302,35.36,0.4718,19.72,0.2631,6.4,0.0854,11.21,0.1495
P00039,colo_operator,hyperscale_ai,APAC,India,Mumbai,2022,III,N+1,liquid_dtc,retrofit,31.9,46.0,118407.0,1.111,0.0,186.7,186.7,5.853,1577.0,5853.0,10.92,0.0585,87.16,0.4668,46.63,0.2498,14.49,0.0776,27.5,0.1473
P00040,enterprise,edge,North America,US,Reno,2026,IV,2N,air,greenfield,0.3,10.0,2163.0,1.032,0.22,5.31,5.53,17.711,2457.0,17711.0,0.88,0.1665,2.16,0.4069,1.06,0.2,0.43,0.0814,0.77,0.1453
P00041,hyperscaler,wholesale_colo,North America,US,Reno,2024,IV,2N,free_air_evap,greenfield,36.1,18.0,181355.0,1.096,19.53,399.19,418.72,11.058,2201.0,11058.0,63.86,0.16,181.17,0.4538,68.2,0.1708,30.46,0.0763,55.51,0.1391
P00042,enterprise,retail_colo,MEA,UAE,Dubai,2023,IV,2N,air,greenfield,2.4,11.0,18739.0,1.013,1.07,31.88,32.95,13.285,1701.0,13285.0,4.86,0.1524,13.65,0.4282,6.24,0.1957,2.57,0.0807,4.56,0.143
P00043,colo_operator,hyperscale_ai,Europe,France,Paris,2026,III,N+1,liquid_dtc,retrofit,24.2,57.0,93812.0,1.053,0.0,326.5,326.5,13.492,3480.0,13492.0,21.1,0.0646,143.81,0.4405,87.24,0.2672,26.4,0.0809,47.94,0.1468
P00044,colo_operator,hyperscale_ai,Europe,Netherlands,Amsterdam,2026,III,N+1,hybrid_air_liquid,greenfield,31.0,86.0,87499.0,1.017,40.38,404.55,444.93,13.05,4623.0,13050.0,61.48,0.152,173.22,0.4282,88.01,0.2176,31.08,0.0768,50.76,0.1255
P00045,hyperscaler,hyperscale_cloud,APAC,Australia,Melbourne,2022,IV,2N,air,shell_fitout,56.6,26.0,257490.0,1.037,0.0,390.54,390.54,6.9,1517.0,6900.0,12.14,0.0311,200.06,0.5123,89.37,0.2288,31.22,0.0799,57.74,0.1479
P00046,colo_operator,wholesale_colo,APAC,South Korea,Seoul,2021,IV,2N,air,greenfield,89.0,30.0,401021.0,1.011,206.84,832.64,1039.48,9.356,2076.0,9356.0,145.46,0.1747,328.84,0.3949,176.34,0.2118,66.99,0.0805,115.02,0.1381
P00047,colo_operator,retail_colo,APAC,India,Chennai,2026,IV,2N,air,shell_fitout,1.6,17.0,8760.0,1.119,0.0,10.22,10.22,6.386,1166.0,6386.0,0.31,0.0305,5.01,0.4908,2.67,0.2615,0.84,0.0826,1.37,0.1346
P00048,enterprise,wholesale_colo,APAC,Singapore,Singapore,2023,IV,2N,air,greenfield,19.9,12.0,128639.0,1.081,29.73,279.28,309.01,14.034,2171.0,14034.0,44.28,0.1586,118.99,0.4261,52.27,0.1872,24.27,0.0869,39.46,0.1413
P00049,colo_operator,hyperscale_ai,North America,US,Abilene,2025,II,N,hybrid_air_liquid,greenfield,155.1,70.0,588248.0,1.069,89.97,1494.59,1584.57,9.636,2541.0,9636.0,221.3,0.1481,607.74,0.4066,345.32,0.231,113.9,0.0762,206.34,0.1381
P00050,ai_cloud,hyperscale_cloud,North America,US,Silicon Valley,2022,IV,2N+1,free_air_evap,shell_fitout,196.4,17.0,1095067.0,1.005,0.0,1222.68,1222.68,6.225,1117.0,6225.0,52.15,0.0427,631.39,0.5164,262.24,0.2145,95.85,0.0784,181.06,0.1481
P00051,colo_operator,hyperscale_ai,APAC,South Korea,Seoul,2023,III,N+1,air,greenfield,24.2,43.0,95663.0,1.085,55.6,355.17,410.77,14.676,3713.0,14676.0,56.35,0.1587,150.98,0.4251,75.02,0.2112,27.6,0.0777,45.21,0.1273
P00052,colo_operator,hyperscale_ai,North America,US,Salt Lake City,2021,IV,2N,liquid_dtc,greenfield,111.1,50.0,406045.0,1.04,62.57,1194.45,1257.02,10.751,2942.0,10751.0,180.5,0.1511,462.76,0.3874,282.47,0.2365,96.86,0.0811,171.86,0.1439
P00053,enterprise,retail_colo,APAC,Indonesia,Batam,2024,III,N+1,air,greenfield,1.0,18.0,5199.0,1.097,0.1,10.25,10.35,10.248,1971.0,10248.0,1.49,0.145,4.35,0.4247,2.19,0.2135,0.86,0.0843,1.36,0.1325
P00054,developer,hyperscale_cloud,Nordics,Iceland,Reykjavik,2024,IV,2N,air,greenfield,24.4,20.0,130230.0,1.104,17.53,276.85,294.38,11.346,2126.0,11346.0,44.24,0.1598,118.75,0.4289,53.76,0.1942,19.72,0.0712,40.38,0.1459
P00055,enterprise,hyperscale_ai,Nordics,Iceland,Reykjavik,2024,II,N,air,greenfield,65.0,135.0,202496.0,1.049,37.35,584.0,621.35,8.985,2884.0,8985.0,87.51,0.1498,258.41,0.4425,115.2,0.1973,43.29,0.0741,79.58,0.1363
P00056,colo_operator,wholesale_colo,Europe,Spain,Madrid,2026,III,N+2,air,greenfield,26.7,10.0,214459.0,1.03,14.58,267.72,282.3,10.027,1248.0,10027.0,41.43,0.1547,109.53,0.4091,56.26,0.2101,21.55,0.0805,38.96,0.1455
P00057,developer,wholesale_colo,APAC,Japan,Osaka,2026,IV,2N,air,greenfield,13.4,34.0,57791.0,1.072,24.61,229.07,253.67,17.094,3964.0,17094.0,35.72,0.1559,96.24,0.4201,46.27,0.202,17.85,0.0779,32.98,0.144
P00058,colo_operator,hyperscale_ai,Europe,Netherlands,Amsterdam,2025,III,N+2,air,greenfield,270.8,138.0,783670.0,1.116,525.35,3258.43,3783.78,12.033,4158.0,12033.0,505.6,0.1552,1406.0,0.4315,632.43,0.1941,268.13,0.0823,446.26,0.137
P00059,ai_cloud,hyperscale_ai,North America,US,Silicon Valley,2026,II,N,liquid_dtc,greenfield,29.4,41.0,107345.0,1.07,58.66,404.97,463.64,13.775,3773.0,13775.0,55.46,0.1369,155.95,0.3851,102.67,0.2535,31.66,0.0782,59.23,0.1463
P00060,colo_operator,retail_colo,APAC,Australia,Melbourne,2023,IV,2N,air,greenfield,17.2,11.0,131878.0,1.011,8.01,183.46,191.47,10.666,1391.0,10666.0,29.05,0.1583,78.21,0.4263,38.17,0.208,13.98,0.0762,24.05,0.1311
P00061,hyperscaler,wholesale_colo,Europe,Italy,Milan,2023,III,N+2,hybrid_air_liquid,greenfield,8.1,34.0,36867.0,1.065,4.06,95.61,99.67,11.804,2593.0,11804.0,14.41,0.1507,38.14,0.3989,21.61,0.226,7.54,0.0789,13.92,0.1456
P00062,hyperscaler,hyperscale_cloud,Nordics,Sweden,Stockholm,2026,IV,2N,air,greenfield,110.4,20.0,664470.0,1.077,58.74,1274.67,1333.41,11.546,1918.0,11546.0,199.21,0.1563,529.45,0.4154,258.3,0.2026,110.75,0.0869,176.96,0.1388
P00063,hyperscaler,wholesale_colo,Nordics,Finland,Helsinki,2026,II,N,free_air_evap,greenfield,6.5,40.0,28011.0,1.006,3.04,62.64,65.67,9.636,2236.0,9636.0,10.15,0.1621,27.77,0.4433,11.39,0.1819,4.88,0.0779,8.45,0.1349
P00064,colo_operator,hyperscale_ai,MEA,Saudi Arabia,Riyadh,2023,III,N+1,immersion,greenfield,269.7,52.0,1024961.0,1.093,106.16,2850.55,2956.71,10.569,2781.0,10569.0,369.99,0.1298,1125.2,0.3947,744.88,0.2613,230.2,0.0808,380.28,0.1334
P00065,developer,wholesale_colo,APAC,Japan,Osaka,2026,III,N+1,liquid_dtc,retrofit,7.1,27.0,32640.0,1.012,0.0,80.19,80.19,11.295,2457.0,11295.0,4.87,0.0607,35.92,0.4479,21.1,0.2632,6.38,0.0796,11.91,0.1486
P00066,enterprise,hyperscale_cloud,APAC,South Korea,Seoul,2023,II,N,liquid_dtc,greenfield,84.1,23.0,412819.0,1.043,178.22,755.69,933.92,8.986,1831.0,8986.0,102.53,0.1357,316.53,0.4189,168.83,0.2234,63.49,0.084,104.31,0.138
P00067,hyperscaler,wholesale_colo,Europe,Italy,Milan,2024,IV,2N+1,free_air_evap,greenfield,17.4,27.0,83961.0,1.049,9.27,204.69,213.97,11.764,2438.0,11764.0,33.51,0.1637,85.34,0.4169,39.1,0.191,17.17,0.0839,29.58,0.1445
P00068,developer,hyperscale_cloud,North America,US,Phoenix,2026,IV,2N,air,greenfield,87.4,21.0,445755.0,1.116,60.94,932.53,993.47,10.67,2092.0,10670.0,166.33,0.1784,374.23,0.4013,184.99,0.1984,73.84,0.0792,133.14,0.1428
P00069,colo_operator,retail_colo,North America,US,Abilene,2024,III,N+2,air,shell_fitout,4.8,20.0,24303.0,1.048,0.0,38.87,38.87,8.097,1599.0,8097.0,1.26,0.0325,18.98,0.4882,9.63,0.2479,3.68,0.0948,5.31,0.1367
P00070,enterprise,hyperscale_cloud,North America,US,Columbus,2026,II,N,air,greenfield,159.6,29.0,678629.0,1.116,113.26,1194.04,1307.31,7.481,1759.0,7481.0,191.26,0.1602,508.28,0.4257,225.9,0.1892,96.94,0.0812,171.67,0.1438
P00071,developer,hyperscale_ai,Latin America,Chile,Santiago,2021,III,N+1,hybrid_air_liquid,shell_fitout,56.6,140.0,146627.0,1.034,0.0,297.27,297.27,5.252,2027.0,5252.0,5.66,0.019,145.0,0.4878,80.44,0.2706,24.87,0.0837,41.3,0.1389
P00072,ai_cloud,edge,APAC,Japan,Osaka,2024,III,N+1,air,greenfield,2.0,12.0,13435.0,1.006,3.87,28.98,32.84,14.488,2157.0,14488.0,4.28,0.1477,12.73,0.4392,5.75,0.1986,2.1,0.0726,4.11,0.1419
P00073,colo_operator,hyperscale_ai,APAC,Malaysia,Johor,2022,IV,2N,hybrid_air_liquid,retrofit,60.7,95.0,169725.0,1.042,0.0,481.46,481.46,7.932,2837.0,7932.0,33.71,0.07,226.47,0.4704,114.1,0.237,40.54,0.0842,66.64,0.1384
P00074,ai_cloud,wholesale_colo,MEA,Saudi Arabia,Riyadh,2026,III,N+1,hybrid_air_liquid,greenfield,40.4,21.0,194597.0,1.044,16.37,400.72,417.09,9.919,2059.0,9919.0,63.61,0.1587,164.02,0.4093,83.05,0.2073,35.26,0.088,54.77,0.1367
P00075,hyperscaler,wholesale_colo,North America,US,Columbus,2023,IV,2N+1,free_air_evap,greenfield,27.9,22.0,138717.0,1.116,19.28,315.02,334.3,11.291,2271.0,11291.0,51.29,0.1628,140.46,0.4459,53.03,0.1684,24.86,0.0789,45.37,0.144
P00076,hyperscaler,hyperscale_ai,APAC,Indonesia,Batam,2020,III,N+1,hybrid_air_liquid,greenfield,170.3,121.0,548950.0,1.01,24.31,1139.19,1163.51,6.689,2075.0,6689.0,165.0,0.1448,469.64,0.4123,242.62,0.213,102.63,0.0901,159.31,0.1398
P00077,ai_cloud,hyperscale_ai,North America,US,Atlanta,2025,III,N+2,liquid_dtc,greenfield,242.7,129.0,637692.0,1.084,135.08,3298.28,3433.37,13.59,5172.0,13590.0,431.02,0.1307,1334.59,0.4046,806.49,0.2445,257.25,0.078,468.94,0.1422
P00078,colo_operator,hyperscale_cloud,Europe,Italy,Milan,2024,III,N+1,air,greenfield,63.6,22.0,322917.0,1.046,30.97,560.04,591.01,8.806,1734.0,8806.0,92.55,0.1653,247.21,0.4414,108.12,0.1931,42.71,0.0763,69.46,0.124
P00079,colo_operator,hyperscale_cloud,Europe,France,Paris,2021,IV,2N+1,hybrid_air_liquid,greenfield,47.2,17.0,277462.0,1.095,71.15,573.56,644.71,12.152,2067.0,12152.0,85.68,0.1494,233.32,0.4068,131.04,0.2285,45.82,0.0799,77.7,0.1355
P00080,hyperscaler,edge,Europe,France,Paris,2025,III,N+2,hybrid_air_liquid,greenfield,3.5,15.0,22765.0,1.044,5.76,57.72,63.48,16.49,2535.0,16490.0,8.3,0.1438,25.65,0.4444,12.17,0.2108,4.24,0.0735,7.36,0.1275
P00081,colo_operator,wholesale_colo,Europe,Ireland,Dublin,2024,III,N+1,hybrid_air_liquid,greenfield,10.1,21.0,52990.0,1.056,7.28,111.74,119.02,11.064,2109.0,11064.0,15.16,0.1357,46.86,0.4194,25.84,0.2312,9.77,0.0874,14.11,0.1263
P00082,colo_operator,retail_colo,APAC,Singapore,Singapore,2025,III,N+2,air,greenfield,14.0,9.0,141018.0,1.039,23.52,171.55,195.08,12.254,1217.0,12254.0,29.15,0.1699,66.94,0.3902,35.85,0.209,14.42,0.0841,25.2,0.1469
P00083,ai_cloud,wholesale_colo,Europe,Spain,Madrid,2023,IV,2N,hybrid_air_liquid,greenfield,83.7,11.0,626060.0,1.096,35.46,960.51,995.97,11.476,1534.0,11476.0,138.44,0.1441,396.55,0.4129,220.89,0.23,72.06,0.075,132.57,0.138
P00084,colo_operator,edge,North America,US,Chicago,2021,III,N+1,free_air_evap,greenfield,4.5,14.0,29767.0,1.013,3.21,57.76,60.97,12.836,1940.0,12836.0,10.28,0.178,24.12,0.4176,10.33,0.1788,4.74,0.0821,8.29,0.1436
P00085,enterprise,edge,APAC,Malaysia,Johor,2022,II,N,air,greenfield,0.4,12.0,2695.0,1.031,0.06,3.12,3.17,7.789,1156.0,7789.0,0.49,0.1567,1.34,0.4304,0.61,0.1969,0.23,0.0742,0.44,0.1419
P00086,colo_operator,hyperscale_ai,Latin America,Brazil,São Paulo,2021,III,N+2,air,retrofit,33.9,65.0,103339.0,1.084,0.0,248.67,248.67,7.335,2406.0,7335.0,19.3,0.0776,117.55,0.4727,55.55,0.2234,21.17,0.0852,35.1,0.1411
P00087,developer,wholesale_colo,Europe,Italy,Milan,2025,III,N+1,air,greenfield,44.8,11.0,325633.0,1.091,20.8,430.32,451.12,9.605,1321.0,9605.0,70.58,0.164,184.36,0.4284,82.56,0.1919,32.46,0.0754,60.35,0.1403
P00088,developer,wholesale_colo,APAC,Singapore,Singapore,2026,III,N+1,air,retrofit,15.4,14.0,93040.0,1.075,0.0,163.27,163.27,10.602,1755.0,10602.0,13.15,0.0805,75.48,0.4623,38.26,0.2343,13.15,0.0805,23.24,0.1423
P00089,colo_operator,retail_colo,Europe,Spain,Madrid,2022,III,N+2,air,greenfield,21.5,12.0,167807.0,1.028,10.98,233.69,244.67,10.869,1393.0,10869.0,37.99,0.1626,102.21,0.4374,44.21,0.1892,18.68,0.0799,30.6,0.1309
P00090,colo_operator,retail_colo,Europe,Netherlands,Amsterdam,2024,III,N+1,air,retrofit,4.0,9.0,34256.0,1.099,0.0,45.41,45.41,11.353,1326.0,11353.0,3.75,0.0825,21.39,0.4711,9.16,0.2017,3.78,0.0833,7.33,0.1614
P00091,colo_operator,wholesale_colo,APAC,South Korea,Seoul,2024,IV,2N,air,retrofit,12.5,23.0,59466.0,1.017,0.0,137.08,137.08,10.966,2305.0,10966.0,12.15,0.0886,61.69,0.4501,32.33,0.2359,10.53,0.0768,20.37,0.1486
P00092,hyperscaler,hyperscale_cloud,APAC,India,Chennai,2023,II,N,air,greenfield,24.1,27.0,119739.0,1.039,4.61,117.35,121.96,4.869,980.0,4869.0,17.78,0.1516,48.74,0.4153,24.76,0.211,9.77,0.0832,16.3,0.1389
P00093,colo_operator,retail_colo,Nordics,Finland,Helsinki,2021,III,N+1,air,greenfield,2.0,11.0,14381.0,1.054,0.99,20.49,21.48,10.243,1424.0,10243.0,3.1,0.1512,8.3,0.4052,4.41,0.2153,1.65,0.0807,3.02,0.1476
P00094,hyperscaler,wholesale_colo,Europe,Spain,Madrid,2025,III,N+2,hybrid_air_liquid,retrofit,48.3,35.0,194649.0,1.019,0.0,426.3,426.3,8.826,2190.0,8826.0,27.89,0.0654,202.1,0.4741,104.84,0.2459,34.66,0.0813,56.81,0.1333
P00095,ai_cloud,retail_colo,Latin America,Brazil,São Paulo,2025,III,N+1,air,greenfield,14.4,6.0,164021.0,1.021,2.19,142.51,144.7,9.897,869.0,9897.0,23.27,0.1633,63.64,0.4466,25.5,0.1789,11.01,0.0773,19.09,0.1339
P00096,colo_operator,hyperscale_ai,North America,US,Silicon Valley,2026,III,N+1,liquid_dtc,greenfield,95.4,67.0,323087.0,1.03,162.27,1533.14,1695.41,16.071,4745.0,16071.0,215.8,0.1408,604.37,0.3942,376.33,0.2455,129.19,0.0843,207.45,0.1353
P00097,hyperscaler,wholesale_colo,APAC,Singapore,Singapore,2020,III,N+1,air,greenfield,72.9,38.0,284904.0,1.02,146.47,613.45,759.92,8.415,2153.0,8415.0,93.95,0.1532,269.45,0.4392,117.58,0.1917,49.9,0.0813,82.56,0.1346
P00098,ai_cloud,wholesale_colo,Latin America,Chile,Santiago,2026,IV,2N+1,air,greenfield,6.4,17.0,36204.0,1.006,1.19,71.71,72.9,11.205,1981.0,11205.0,11.06,0.1543,29.57,0.4124,14.98,0.2089,5.95,0.083,10.14,0.1414
P00099,ai_cloud,retail_colo,North America,US,Phoenix,2022,III,N+2,air,retrofit,1.3,14.0,7710.0,1.056,0.0,11.95,11.95,9.191,1550.0,9191.0,0.98,0.0824,5.69,0.476,2.69,0.2255,1.01,0.0846,1.57,0.1315
P00100,hyperscaler,retail_colo,APAC,India,Mumbai,2021,III,N+1,air,greenfield,1.9,13.0,12025.0,1.06,0.27,13.25,13.52,6.973,1102.0,6973.0,2.06,0.1552,5.79,0.4368,2.42,0.1827,1.14,0.0864,1.84,0.1389
P00101,colo_operator,hyperscale_ai,APAC,Japan,Tokyo,2024,III,N+1,liquid_dtc,greenfield,42.5,134.0,124339.0,1.107,100.25,690.04,790.29,16.236,5550.0,16236.0,93.97,0.1362,290.09,0.4204,152.72,0.2213,56.25,0.0815,97.01,0.1406
P00102,developer,hyperscale_ai,APAC,Singapore,Singapore,2026,II,N,liquid_dtc,greenfield,20.4,73.0,59032.0,1.009,45.38,295.05,340.43,14.463,4998.0,14463.0,39.74,0.1347,122.54,0.4153,65.76,0.2229,22.27,0.0755,44.73,0.1516
P00103,colo_operator,hyperscale_cloud,Europe,Germany,Frankfurt,2026,III,N+2,liquid_dtc,greenfield,50.1,14.0,344420.0,1.068,69.56,691.73,761.29,13.807,2008.0,13807.0,99.75,0.1442,274.23,0.3964,160.23,0.2316,60.31,0.0872,97.22,0.1405
P00104,hyperscaler,edge,APAC,Indonesia,Batam,2019,IV,2N,air,retrofit,0.7,13.0,4493.0,1.017,0.0,5.77,5.77,8.24,1284.0,8240.0,0.5,0.0868,2.76,0.4784,1.24,0.2147,0.47,0.081,0.8,0.1391
P00105,hyperscaler,edge,Nordics,Sweden,Stockholm,2023,III,N+1,air,shell_fitout,2.1,10.0,17738.0,1.041,0.0,18.04,18.04,8.59,1017.0,8590.0,0.55,0.0304,8.45,0.4686,4.88,0.2705,1.49,0.0827,2.67,0.1478
P00106,hyperscaler,edge,APAC,Malaysia,Johor,2025,III,N+1,free_air_evap,greenfield,4.7,8.0,43865.0,1.053,0.92,47.61,48.53,10.129,1085.0,10129.0,8.93,0.1875,19.32,0.4058,8.27,0.1738,3.88,0.0816,7.2,0.1513
P00107,enterprise,hyperscale_cloud,North America,US,Silicon Valley,2026,III,N+1,hybrid_air_liquid,shell_fitout,51.2,26.0,268097.0,1.046,0.0,409.93,409.93,8.006,1529.0,8006.0,8.49,0.0207,195.98,0.4781,112.4,0.2742,31.39,0.0766,61.67,0.1504
P00108,enterprise,edge,Europe,Netherlands,Amsterdam,2019,IV,2N,air,greenfield,4.3,10.0,33836.0,1.086,9.46,60.09,69.55,13.974,1776.0,13974.0,9.13,0.1519,26.28,0.4374,12.05,0.2005,4.7,0.0783,7.93,0.1319
P00109,hyperscaler,hyperscale_cloud,Latin America,Brazil,São Paulo,2023,III,N+1,air,retrofit,24.3,16.0,154011.0,1.051,0.0,156.02,156.02,6.421,1013.0,6421.0,12.21,0.0782,74.33,0.4764,34.97,0.2241,12.64,0.081,21.88,0.1403
P00110,enterprise,edge,Europe,Germany,Frankfurt,2022,IV,2N+1,air,greenfield,1.3,12.0,9158.0,1.029,3.02,26.01,29.03,20.006,2840.0,20006.0,4.62,0.1777,10.84,0.4169,4.91,0.1888,2.02,0.0778,3.61,0.1389
P00111,enterprise,wholesale_colo,North America,US,Columbus,2024,IV,2N,hybrid_air_liquid,shell_fitout,27.9,37.0,111093.0,1.008,0.0,186.84,186.84,6.697,1682.0,6697.0,3.92,0.021,86.1,0.4608,53.25,0.285,16.34,0.0874,27.23,0.1457
P00112,developer,wholesale_colo,Europe,UK,London,2026,III,N+1,air,greenfield,12.7,34.0,52290.0,1.078,26.67,166.81,193.48,13.135,3190.0,13135.0,27.12,0.1626,70.22,0.4209,33.23,0.1992,13.71,0.0822,22.53,0.1351
P00113,enterprise,edge,North America,US,Columbus,2021,III,N+1,free_air_evap,greenfield,2.6,8.0,24248.0,1.091,1.73,28.7,30.42,11.037,1183.0,11037.0,4.88,0.1702,12.72,0.4433,4.81,0.1674,2.5,0.0872,3.79,0.1319
P00114,hyperscaler,hyperscale_ai,North America,US,Silicon Valley,2024,II,N,liquid_dtc,greenfield,37.4,56.0,131305.0,1.084,73.13,414.2,487.33,11.075,3154.0,11075.0,57.57,0.139,165.73,0.4001,98.51,0.2378,32.23,0.0778,60.15,0.1452
P00115,colo_operator,edge,APAC,Malaysia,Johor,2024,II,N,hybrid_air_liquid,greenfield,2.7,8.0,25875.0,1.021,0.34,23.06,23.4,8.539,891.0,8539.0,3.13,0.1356,9.77,0.4239,5.04,0.2187,1.79,0.0778,3.32,0.144
P00116,ai_cloud,retail_colo,Nordics,Sweden,Stockholm,2021,IV,2N+1,air,retrofit,1.2,8.0,11271.0,1.068,0.0,12.8,12.8,10.67,1136.0,10670.0,1.01,0.0785,5.8,0.4531,3.09,0.2412,1.04,0.081,1.87,0.1462
P00117,hyperscaler,retail_colo,Nordics,Sweden,Stockholm,2026,III,N+2,air,retrofit,3.4,19.0,20355.0,1.075,0.0,44.32,44.32,13.035,2177.0,13035.0,3.91,0.0882,20.48,0.462,10.02,0.2261,3.43,0.0773,6.48,0.1463
P00118,ai_cloud,retail_colo,North America,US,Dallas-Fort Worth,2021,III,N+2,air,greenfield,1.0,20.0,5198.0,1.025,0.68,11.01,11.69,11.011,2118.0,11011.0,1.87,0.1699,4.6,0.4175,2.19,0.1992,0.84,0.0761,1.51,0.1374
P00119,colo_operator,hyperscale_cloud,North America,US,Reno,2019,II,N,air,retrofit,127.0,24.0,570351.0,1.081,0.0,556.56,556.56,4.382,976.0,4382.0,45.46,0.0817,270.56,0.4861,120.96,0.2173,46.04,0.0827,73.54,0.1321
P00120,colo_operator,retail_colo,APAC,India,Chennai,2024,III,N+1,air,greenfield,8.2,16.0,41762.0,1.014,0.87,52.48,53.35,6.4,1257.0,6400.0,8.4,0.16,21.35,0.4069,11.52,0.2195,4.2,0.0799,7.02,0.1337
P00121,hyperscaler,wholesale_colo,North America,US,Abilene,2026,III,N+1,liquid_dtc,retrofit,6.7,37.0,29044.0,1.099,0.0,71.75,71.75,10.709,2470.0,10709.0,4.26,0.0594,34.98,0.4875,17.61,0.2455,5.62,0.0783,9.27,0.1292
P00122,ai_cloud,retail_colo,Nordics,Sweden,Stockholm,2020,III,N+2,air,greenfield,10.7,15.0,66421.0,1.04,5.83,91.91,97.75,8.59,1384.0,8590.0,14.85,0.1616,38.27,0.4164,17.86,0.1944,8.4,0.0913,12.53,0.1364
P00123,colo_operator,wholesale_colo,Latin America,Chile,Santiago,2024,III,N+1,air,greenfield,46.1,19.0,240190.0,1.026,8.62,400.77,409.4,8.694,1669.0,8694.0,59.11,0.1475,182.86,0.4563,75.94,0.1895,28.05,0.07,54.82,0.1368
P00124,colo_operator,wholesale_colo,Nordics,Norway,Oslo,2023,III,N+1,air,greenfield,9.1,28.0,40814.0,1.084,5.87,93.24,99.11,10.246,2284.0,10246.0,14.02,0.1503,40.9,0.4386,17.09,0.1833,7.77,0.0834,13.47,0.1444
P00125,enterprise,wholesale_colo,Europe,Italy,Milan,2026,IV,2N,free_air_evap,greenfield,37.3,35.0,137574.0,1.119,21.42,475.04,496.46,12.736,3453.0,12736.0,84.28,0.1774,202.35,0.426,88.5,0.1863,40.72,0.0857,59.18,0.1246
P00126,ai_cloud,retail_colo,MEA,South Africa,Johannesburg,2024,IV,2N,air,retrofit,3.2,6.0,35122.0,1.109,0.0,35.73,35.73,11.166,1017.0,11166.0,3.15,0.0883,16.03,0.4487,8.15,0.2282,3.09,0.0866,5.3,0.1483
P00127,colo_operator,retail_colo,APAC,Malaysia,Johor,2024,IV,2N+1,hybrid_air_liquid,greenfield,5.0,11.0,38598.0,1.093,0.78,63.97,64.76,12.795,1657.0,12795.0,9.54,0.1491,28.31,0.4425,12.32,0.1925,5.27,0.0823,8.55,0.1336
P00128,colo_operator,hyperscale_ai,APAC,India,Mumbai,2024,IV,2N,liquid_dtc,shell_fitout,102.3,45.0,364575.0,1.102,0.0,587.3,587.3,5.741,1611.0,5741.0,6.16,0.0105,278.79,0.4747,167.67,0.2855,49.26,0.0839,85.42,0.1454
P00129,colo_operator,hyperscale_ai,Europe,UK,London,2026,III,N+2,hybrid_air_liquid,greenfield,79.9,63.0,257133.0,1.042,117.02,1245.22,1362.24,15.585,4843.0,15585.0,177.85,0.1428,516.32,0.4146,288.09,0.2314,94.55,0.0759,168.41,0.1352
P00130,hyperscaler,wholesale_colo,APAC,Indonesia,Batam,2022,III,N+1,hybrid_air_liquid,shell_fitout,38.2,31.0,165734.0,1.104,0.0,198.27,198.27,5.19,1196.0,5190.0,3.79,0.0191,96.79,0.4882,51.47,0.2596,15.47,0.078,30.75,0.1551
P00131,colo_operator,hyperscale_ai,North America,US,Phoenix,2021,III,N+1,liquid_dtc,greenfield,33.4,116.0,112915.0,1.102,20.66,392.11,412.77,11.74,3473.0,11740.0,58.89,0.1502,152.58,0.3891,95.51,0.2436,30.73,0.0784,54.4,0.1387
P00132,enterprise,hyperscale_ai,Europe,Italy,Milan,2020,II,N,liquid_dtc,greenfield,162.1,101.0,462412.0,1.011,62.3,1098.85,1161.15,6.779,2376.0,6779.0,153.89,0.14,469.87,0.4276,253.02,0.2303,79.99,0.0728,142.08,0.1293
P00133,hyperscaler,edge,North America,US,Chicago,2023,III,N+1,liquid_dtc,shell_fitout,3.3,9.0,27108.0,1.007,0.0,30.47,30.47,9.234,1124.0,9234.0,0.32,0.0105,15.1,0.4956,8.47,0.2778,2.34,0.0768,4.24,0.1392
P00134,enterprise,hyperscale_ai,APAC,Singapore,Singapore,2024,III,N+1,air,greenfield,48.7,64.0,160457.0,1.085,84.72,654.13,738.85,13.432,4077.0,13432.0,106.08,0.1622,269.6,0.4121,136.73,0.209,52.02,0.0795,89.7,0.1371
P00135,colo_operator,hyperscale_ai,APAC,Japan,Tokyo,2024,IV,2N,air,retrofit,32.1,138.0,90519.0,1.064,0.0,478.95,478.95,14.921,5291.0,14921.0,37.24,0.0777,228.35,0.4768,106.03,0.2214,35.99,0.0751,71.34,0.149
P00136,colo_operator,retail_colo,APAC,South Korea,Seoul,2025,IV,2N,free_air_evap,shell_fitout,14.2,14.0,92245.0,1.108,0.0,149.97,149.97,10.561,1626.0,10561.0,6.71,0.0448,79.81,0.5322,28.74,0.1917,13.47,0.0898,21.23,0.1416
P00137,hyperscaler,hyperscale_cloud,Nordics,Finland,Helsinki,2025,IV,2N+1,air,retrofit,62.1,14.0,422120.0,1.008,0.0,594.3,594.3,9.57,1408.0,9570.0,47.6,0.0801,278.14,0.468,131.42,0.2211,49.31,0.083,87.83,0.1478
P00138,enterprise,edge,MEA,UAE,Dubai,2025,IV,2N,air,shell_fitout,2.5,7.0,29549.0,1.053,0.0,26.96,26.96,10.785,912.0,10785.0,0.84,0.0313,13.89,0.5153,6.57,0.2436,2.05,0.0761,3.61,0.1337
P00139,ai_cloud,hyperscale_cloud,Latin America,Chile,Santiago,2025,III,N+1,air,greenfield,105.0,27.0,459443.0,1.112,20.78,901.04,921.82,8.581,1961.0,8581.0,123.45,0.137,379.99,0.4217,184.85,0.2051,78.21,0.0868,134.54,0.1493
P00140,ai_cloud,retail_colo,North America,US,Northern Virginia,2023,IV,2N+1,hybrid_air_liquid,greenfield,2.5,9.0,22499.0,1.105,1.09,45.42,46.5,18.167,2019.0,18167.0,6.8,0.1498,18.66,0.4109,9.93,0.2187,3.56,0.0785,6.46,0.1422
P00141,enterprise,retail_colo,Latin America,Mexico,Querétaro,2024,III,N+2,air,greenfield,7.7,7.0,84086.0,1.107,1.18,68.93,70.12,8.953,820.0,8953.0,11.52,0.1671,29.85,0.433,12.77,0.1852,5.31,0.077,9.49,0.1377
P00142,developer,retail_colo,North America,US,Columbus,2022,IV,2N,air,greenfield,14.1,14.0,90888.0,1.11,7.83,173.24,181.07,12.286,1906.0,12286.0,26.43,0.1525,73.97,0.427,35.53,0.2051,13.79,0.0796,23.51,0.1357
P00143,ai_cloud,edge,APAC,India,Mumbai,2022,III,N+1,air,greenfield,0.3,13.0,1993.0,1.073,0.05,2.65,2.7,8.831,1329.0,8831.0,0.43,0.1632,1.1,0.4162,0.54,0.2034,0.2,0.076,0.37,0.1411
P00144,ai_cloud,edge,Europe,France,Paris,2025,III,N+1,air,greenfield,1.6,9.0,13926.0,1.051,2.4,26.48,28.89,16.553,1902.0,16553.0,4.52,0.1706,11.28,0.426,5.0,0.1889,2.16,0.0816,3.52,0.1328
P00145,enterprise,hyperscale_cloud,APAC,Australia,Melbourne,2026,IV,2N+1,air,retrofit,178.4,15.0,1127746.0,1.073,0.0,1969.78,1969.78,11.041,1747.0,11041.0,173.25,0.088,917.47,0.4658,441.68,0.2242,158.67,0.0806,278.71,0.1415
P00146,colo_operator,hyperscale_cloud,Europe,UK,London,2025,III,N+2,liquid_dtc,retrofit,132.1,20.0,670413.0,1.002,0.0,1212.59,1212.59,9.179,1809.0,9179.0,73.69,0.0608,535.6,0.4417,333.68,0.2752,97.81,0.0807,171.81,0.1417
P00147,colo_operator,wholesale_colo,North America,US,Atlanta,2025,III,N+1,hybrid_air_liquid,greenfield,11.8,29.0,54823.0,1.0,4.44,124.98,129.41,10.591,2280.0,10591.0,19.22,0.1538,51.86,0.4149,28.69,0.2296,9.81,0.0785,15.4,0.1232
P00148,enterprise,edge,Europe,Ireland,Dublin,2026,III,N+1,liquid_dtc,greenfield,1.1,6.0,12526.0,1.032,0.48,20.9,21.37,18.997,1668.0,18997.0,2.91,0.1392,7.98,0.3819,5.28,0.2527,1.72,0.0825,3.01,0.1438
P00149,ai_cloud,retail_colo,Europe,Ireland,Dublin,2025,IV,2N,air,greenfield,23.8,13.0,154498.0,1.062,15.88,357.94,373.82,15.04,2317.0,15040.0,57.36,0.1602,140.69,0.393,81.05,0.2264,28.92,0.0808,49.93,0.1395
P00150,colo_operator,edge,APAC,Australia,Sydney,2024,III,N+1,free_air_evap,greenfield,0.4,8.0,3506.0,1.048,0.25,6.62,6.87,16.558,1889.0,16558.0,1.08,0.1638,2.96,0.4473,1.16,0.1758,0.54,0.081,0.87,0.1321
P00151,developer,retail_colo,APAC,Japan,Osaka,2020,IV,2N+1,air,greenfield,3.4,19.0,18478.0,1.007,7.98,47.13,55.11,13.863,2551.0,13863.0,7.28,0.1545,19.39,0.4115,10.02,0.2126,4.0,0.0849,6.43,0.1365
P00152,hyperscaler,wholesale_colo,MEA,UAE,Dubai,2026,III,N+2,air,retrofit,6.9,9.0,58332.0,1.058,0.0,66.89,66.89,9.694,1147.0,9694.0,4.51,0.0674,31.98,0.4782,15.16,0.2267,5.51,0.0824,9.72,0.1454
P00153,colo_operator,hyperscale_ai,Europe,Italy,Milan,2022,III,N+1,liquid_dtc,greenfield,47.8,84.0,154727.0,1.004,30.46,463.18,493.63,9.69,2994.0,9690.0,60.18,0.1299,180.62,0.39,121.85,0.2631,34.49,0.0745,66.03,0.1426
P00154,developer,edge,North America,US,Northern Virginia,2023,III,N+1,liquid_dtc,greenfield,0.4,5.0,5520.0,1.072,0.2,7.18,7.38,17.95,1301.0,17950.0,1.0,0.1399,2.9,0.4038,1.76,0.2449,0.53,0.0735,0.99,0.1379
P00155,developer,edge,APAC,Malaysia,Johor,2025,III,N+2,free_air_evap,shell_fitout,0.6,7.0,5766.0,1.116,0.0,5.46,5.46,9.1,947.0,9100.0,0.21,0.0377,2.76,0.5058,1.2,0.2191,0.49,0.0902,0.8,0.1472
P00156,hyperscaler,hyperscale_cloud,MEA,South Africa,Johannesburg,2023,III,N+2,air,greenfield,107.0,13.0,772811.0,1.085,18.68,799.4,818.08,7.471,1034.0,7471.0,114.73,0.1435,346.8,0.4338,165.51,0.207,63.23,0.0791,109.12,0.1365
P00157,developer,hyperscale_cloud,APAC,Japan,Tokyo,2026,IV,2N,air,greenfield,97.4,20.0,578456.0,1.053,194.32,1408.37,1602.68,14.46,2435.0,14460.0,219.83,0.1561,606.7,0.4308,289.81,0.2058,114.08,0.081,177.94,0.1263
P00158,developer,wholesale_colo,Europe,Ireland,Dublin,2024,IV,2N,hybrid_air_liquid,greenfield,7.0,33.0,27599.0,1.056,3.59,103.47,107.06,14.782,3749.0,14782.0,15.08,0.1457,43.4,0.4194,22.08,0.2134,8.21,0.0794,14.71,0.1421
P00159,colo_operator,retail_colo,North America,Canada,Toronto,2021,III,N+1,hybrid_air_liquid,greenfield,1.2,5.0,17362.0,1.036,0.42,16.13,16.55,13.441,929.0,13441.0,2.3,0.1426,6.97,0.432,3.25,0.2013,1.25,0.0776,2.36,0.1466
P00160,hyperscaler,wholesale_colo,MEA,South Africa,Johannesburg,2023,III,N+1,liquid_dtc,retrofit,15.1,23.0,71268.0,1.077,0.0,125.8,125.8,8.331,1765.0,8331.0,8.6,0.0684,55.45,0.4408,34.92,0.2776,9.8,0.0779,17.03,0.1353
P00161,ai_cloud,wholesale_colo,Europe,Italy,Milan,2026,III,N+2,hybrid_air_liquid,greenfield,29.8,11.0,217793.0,1.104,13.02,373.14,386.16,12.521,1713.0,12521.0,53.06,0.1422,151.28,0.4054,87.35,0.2341,30.39,0.0815,51.05,0.1368
P00162,hyperscaler,wholesale_colo,APAC,India,Chennai,2024,IV,2N,liquid_dtc,greenfield,58.4,37.0,226099.0,1.018,8.77,381.86,390.63,6.539,1689.0,6539.0,53.33,0.1397,157.68,0.4129,90.82,0.2378,30.27,0.0793,49.76,0.1303
P00163,hyperscaler,hyperscale_ai,North America,Canada,Toronto,2024,III,N+1,air,shell_fitout,137.9,104.0,412178.0,1.046,0.0,1042.99,1042.99,7.563,2530.0,7563.0,29.47,0.0283,508.28,0.4873,271.83,0.2606,80.02,0.0767,153.38,0.1471
P00164,ai_cloud,hyperscale_ai,Nordics,Norway,Oslo,2025,II,N,liquid_dtc,greenfield,278.2,140.0,866774.0,1.053,158.29,2826.87,2985.16,10.161,3261.0,10161.0,366.23,0.1296,1176.42,0.4162,685.67,0.2426,232.87,0.0824,365.67,0.1294
P00165,ai_cloud,edge,Nordics,Sweden,Stockholm,2021,III,N+2,air,greenfield,1.1,13.0,7790.0,1.024,0.48,13.64,14.12,12.402,1751.0,12402.0,2.31,0.1695,5.56,0.4074,2.75,0.2014,1.16,0.0849,1.87,0.1367
P00166,hyperscaler,hyperscale_ai,APAC,India,Chennai,2022,III,N+1,liquid_dtc,greenfield,104.6,60.0,342366.0,1.032,12.98,645.7,658.68,6.173,1886.0,6173.0,85.11,0.1318,261.23,0.4046,148.36,0.2298,57.94,0.0897,93.06,0.1441
P00167,colo_operator,retail_colo,Nordics,Finland,Helsinki,2020,IV,2N+1,air,greenfield,15.5,15.0,95203.0,1.095,10.87,164.99,175.87,10.645,1733.0,10645.0,27.69,0.1678,66.62,0.4038,34.49,0.209,13.27,0.0804,22.92,0.1389
P00168,ai_cloud,edge,APAC,Australia,Melbourne,2025,III,N+1,hybrid_air_liquid,retrofit,0.9,9.0,7909.0,1.081,0.0,14.37,14.37,15.969,1817.0,15969.0,1.01,0.0703,6.61,0.4599,3.6,0.2507,1.19,0.0826,1.96,0.1364
P00169,hyperscaler,retail_colo,North America,US,Chicago,2024,IV,2N,hybrid_air_liquid,greenfield,22.4,17.0,113837.0,1.07,9.88,335.87,345.75,14.994,2950.0,14994.0,48.95,0.1457,136.01,0.4049,74.18,0.2209,27.6,0.0822,49.13,0.1463
P00170,colo_operator,retail_colo,North America,US,Salt Lake City,2020,III,N+1,air,retrofit,19.3,15.0,121883.0,1.001,0.0,130.89,130.89,6.782,1074.0,6782.0,10.65,0.0814,60.52,0.4624,31.18,0.2382,10.0,0.0764,18.54,0.1416
P00171,colo_operator,hyperscale_ai,Latin America,Chile,Santiago,2024,II,N,air,shell_fitout,128.5,114.0,391459.0,1.057,0.0,659.6,659.6,5.133,1685.0,5133.0,19.07,0.0289,339.36,0.5145,150.81,0.2286,52.52,0.0796,97.83,0.1483
P00172,colo_operator,edge,APAC,South Korea,Seoul,2026,III,N+1,air,greenfield,0.3,10.0,2411.0,1.106,0.46,5.71,6.17,19.022,2367.0,19022.0,0.95,0.1663,2.29,0.4018,1.19,0.208,0.45,0.0791,0.83,0.1448
P00173,ai_cloud,wholesale_colo,Europe,Ireland,Dublin,2021,III,N+1,hybrid_air_liquid,greenfield,29.2,31.0,135766.0,1.001,21.21,256.62,277.83,8.789,1890.0,8789.0,36.74,0.1432,103.67,0.404,60.08,0.2341,20.76,0.0809,35.37,0.1378
P00174,hyperscaler,hyperscale_ai,Europe,UK,London,2026,III,N+1,air,greenfield,59.6,108.0,178614.0,1.009,96.77,836.94,933.71,14.043,4686.0,14043.0,125.97,0.1505,359.41,0.4294,159.21,0.1902,69.82,0.0834,122.54,0.1464
P00175,hyperscaler,edge,MEA,UAE,Dubai,2026,III,N+1,free_air_evap,greenfield,1.0,9.0,9107.0,1.051,0.52,15.19,15.71,15.191,1668.0,15191.0,2.55,0.1676,6.31,0.4156,2.96,0.195,1.29,0.0851,2.08,0.1367
P00176,ai_cloud,wholesale_colo,North America,US,Silicon Valley,2025,II,N,hybrid_air_liquid,greenfield,15.3,35.0,54435.0,1.092,30.74,186.6,217.34,12.196,3428.0,12196.0,27.67,0.1483,75.85,0.4065,41.18,0.2207,15.3,0.082,26.59,0.1425
P00177,colo_operator,wholesale_colo,MEA,South Africa,Johannesburg,2024,III,N+1,air,greenfield,13.2,40.0,47667.0,1.041,2.63,100.28,102.91,7.597,2104.0,7597.0,15.54,0.155,42.48,0.4236,20.14,0.2009,7.8,0.0778,14.31,0.1427
P00178,hyperscaler,wholesale_colo,MEA,UAE,Dubai,2023,III,N+1,air,greenfield,8.1,35.0,35734.0,1.108,3.94,79.69,83.63,9.839,2230.0,9839.0,12.55,0.1575,35.18,0.4415,15.05,0.1888,6.01,0.0754,10.9,0.1368
P00179,colo_operator,wholesale_colo,APAC,Japan,Osaka,2025,III,N+1,air,shell_fitout,74.8,18.0,412026.0,1.001,0.0,524.48,524.48,7.012,1273.0,7012.0,16.28,0.031,252.09,0.4807,141.46,0.2697,43.43,0.0828,71.22,0.1358
P00180,ai_cloud,wholesale_colo,North America,US,Reno,2024,III,N+1,free_air_evap,greenfield,14.0,8.0,131769.0,1.105,7.84,111.8,119.64,7.986,848.0,7986.0,18.49,0.1654,44.92,0.4018,21.63,0.1934,9.02,0.0806,17.75,0.1587
P00181,hyperscaler,retail_colo,Europe,UK,London,2026,III,N+2,hybrid_air_liquid,greenfield,1.1,8.0,9919.0,1.068,1.3,18.66,19.96,16.963,1881.0,16963.0,2.74,0.147,7.78,0.4168,3.95,0.2119,1.49,0.0798,2.7,0.1446
P00182,colo_operator,hyperscale_ai,Europe,Spain,Madrid,2026,III,N+1,hybrid_air_liquid,greenfield,54.3,128.0,160783.0,1.081,34.83,660.55,695.38,12.165,4108.0,12165.0,90.26,0.1366,297.32,0.4501,140.4,0.2126,53.58,0.0811,78.99,0.1196
P00183,colo_operator,edge,MEA,Saudi Arabia,Riyadh,2023,IV,2N,liquid_dtc,retrofit,3.6,8.0,31001.0,1.027,0.0,49.18,49.18,13.66,1586.0,13660.0,2.69,0.0546,23.1,0.4697,12.94,0.2632,3.87,0.0786,6.58,0.1339
P00184,ai_cloud,wholesale_colo,North America,Canada,Toronto,2025,III,N+1,air,greenfield,7.0,14.0,43041.0,1.112,5.12,80.22,85.34,11.46,1864.0,11460.0,13.42,0.1672,33.56,0.4183,16.2,0.2019,6.36,0.0793,10.68,0.1332
P00185,developer,retail_colo,Latin America,Chile,Santiago,2024,III,N+1,air,greenfield,15.5,15.0,95041.0,1.027,2.84,141.71,144.55,9.143,1491.0,9143.0,23.38,0.165,59.42,0.4193,27.88,0.1968,11.0,0.0776,20.03,0.1413
P00186,hyperscaler,edge,APAC,Australia,Melbourne,2026,II,N,hybrid_air_liquid,greenfield,0.5,13.0,3540.0,1.05,0.22,7.93,8.15,15.862,2240.0,15862.0,1.25,0.158,3.24,0.4087,1.74,0.2188,0.64,0.0808,1.06,0.1336
P00187,colo_operator,hyperscale_ai,Nordics,Norway,Oslo,2025,III,N+2,hybrid_air_liquid,greenfield,270.2,86.0,879213.0,1.079,112.94,3768.29,3881.22,13.946,4286.0,13946.0,569.86,0.1512,1499.38,0.3979,841.37,0.2233,294.26,0.0781,563.42,0.1495
P00188,colo_operator,wholesale_colo,North America,US,Abilene,2026,III,N+2,air,greenfield,22.5,10.0,208308.0,1.053,10.07,242.65,252.71,10.784,1165.0,10784.0,39.35,0.1622,101.0,0.4162,46.21,0.1904,21.11,0.087,34.98,0.1442
P00189,ai_cloud,retail_colo,Nordics,Norway,Oslo,2024,IV,2N+1,air,greenfield,13.2,17.0,77282.0,1.001,7.08,188.51,195.59,14.281,2439.0,14281.0,30.57,0.1622,78.58,0.4169,37.18,0.1972,15.92,0.0844,26.26,0.1393
P00190,colo_operator,wholesale_colo,Nordics,Sweden,Stockholm,2022,IV,2N,air,retrofit,18.2,31.0,78580.0,1.046,0.0,180.38,180.38,9.911,2296.0,9911.0,13.95,0.0773,89.56,0.4965,38.88,0.2155,13.75,0.0762,24.25,0.1344
P00191,colo_operator,hyperscale_ai,North America,US,Reno,2024,IV,2N,liquid_dtc,greenfield,258.3,72.0,875767.0,1.099,179.92,3268.31,3448.23,12.653,3732.0,12653.0,476.64,0.1458,1300.44,0.3979,740.62,0.2266,257.76,0.0789,492.87,0.1508
P00192,enterprise,wholesale_colo,Europe,Germany,Frankfurt,2025,III,N+1,air,retrofit,14.2,13.0,87259.0,1.012,0.0,126.58,126.58,8.914,1451.0,8914.0,10.39,0.0821,58.81,0.4646,28.09,0.222,10.05,0.0794,19.24,0.152
P00193,ai_cloud,wholesale_colo,North America,US,Salt Lake City,2022,III,N+1,air,greenfield,47.3,34.0,202692.0,1.075,33.55,358.55,392.1,7.58,1769.0,7580.0,60.75,0.1694,149.0,0.4156,74.89,0.2089,27.57,0.0769,46.34,0.1292
P00194,developer,hyperscale_ai,Latin America,Brazil,São Paulo,2025,III,N+1,liquid_dtc,greenfield,37.6,114.0,114266.0,1.109,4.29,459.63,463.92,12.224,4022.0,12224.0,66.04,0.1437,177.51,0.3862,111.07,0.2417,36.36,0.0791,68.64,0.1493
P00195,enterprise,wholesale_colo,APAC,Singapore,Singapore,2024,IV,2N,air,retrofit,16.4,35.0,59642.0,1.095,0.0,238.26,238.26,14.528,3995.0,14528.0,19.5,0.0818,112.43,0.4719,53.44,0.2243,19.33,0.0811,33.57,0.1409
P00196,ai_cloud,wholesale_colo,APAC,Japan,Osaka,2025,III,N+1,free_air_evap,greenfield,70.3,20.0,346864.0,1.0,96.27,730.66,826.94,10.394,2106.0,10394.0,121.77,0.1667,320.58,0.4388,123.94,0.1696,57.27,0.0784,107.1,0.1466
P00197,enterprise,edge,Europe,Netherlands,Amsterdam,2026,IV,2N,hybrid_air_liquid,greenfield,0.3,11.0,2364.0,1.015,0.38,6.64,7.02,22.13,2808.0,22130.0,0.95,0.1435,2.73,0.4117,1.57,0.237,0.49,0.0735,0.89,0.1343
P00198,ai_cloud,edge,MEA,UAE,Dubai,2026,III,N+1,air,shell_fitout,4.1,13.0,28271.0,1.05,0.0,42.36,42.36,10.332,1498.0,10332.0,1.36,0.0321,20.65,0.4875,10.63,0.2509,3.61,0.0851,6.12,0.1444
P00199,hyperscaler,hyperscale_cloud,APAC,Australia,Melbourne,2026,IV,2N,air,shell_fitout,110.0,15.0,683467.0,1.033,0.0,839.1,839.1,7.628,1228.0,7628.0,24.17,0.0288,429.55,0.5119,196.25,0.2339,69.65,0.083,119.49,0.1424
P00200,colo_operator,retail_colo,APAC,Indonesia,Batam,2023,IV,2N,air,retrofit,1.7,10.0,13864.0,1.001,0.0,12.42,12.42,7.304,896.0,7304.0,0.95,0.0768,6.28,0.5058,2.55,0.2056,0.98,0.0788,1.65,0.133
P00201,hyperscaler,hyperscale_cloud,APAC,Australia,Sydney,2022,III,N+1,hybrid_air_liquid,greenfield,32.1,23.0,157075.0,1.018,17.93,290.36,308.28,9.045,1849.0,9045.0,42.08,0.1449,126.82,0.4368,61.77,0.2127,22.28,0.0767,37.41,0.1289
P00202,ai_cloud,edge,APAC,Australia,Sydney,2021,II,N,air,retrofit,0.8,11.0,5597.0,1.029,0.0,8.36,8.36,10.449,1494.0,10449.0,0.65,0.0782,3.97,0.4744,2.01,0.2402,0.64,0.077,1.09,0.1302
P00203,colo_operator,edge,APAC,Japan,Tokyo,2025,IV,2N+1,air,greenfield,0.6,7.0,6749.0,1.109,1.45,17.63,19.08,29.38,2612.0,29380.0,2.63,0.1494,7.9,0.448,3.39,0.1923,1.29,0.073,2.42,0.1372
P00204,colo_operator,hyperscale_cloud,North America,US,Chicago,2024,III,N+2,air,greenfield,33.8,19.0,186427.0,1.033,16.84,366.85,383.69,10.853,1968.0,10853.0,58.05,0.1582,151.41,0.4127,74.51,0.2031,28.98,0.079,53.9,0.1469
P00205,ai_cloud,wholesale_colo,North America,US,Silicon Valley,2025,III,N+1,air,retrofit,7.6,18.0,44258.0,1.042,0.0,85.76,85.76,11.284,1938.0,11284.0,6.44,0.0751,41.61,0.4852,18.41,0.2147,7.01,0.0818,12.29,0.1433
P00206,ai_cloud,retail_colo,North America,Canada,Toronto,2023,IV,2N+1,air,shell_fitout,2.1,6.0,25009.0,1.071,0.0,21.53,21.53,10.25,861.0,10250.0,0.64,0.0296,10.93,0.5079,5.28,0.2452,1.65,0.0765,3.03,0.1408
P00207,colo_operator,hyperscale_cloud,North America,US,Dallas-Fort Worth,2026,III,N+1,air,greenfield,197.7,23.0,983749.0,1.047,130.53,1441.34,1571.87,7.291,1465.0,7291.0,229.24,0.159,613.05,0.4253,283.1,0.1964,123.52,0.0857,192.43,0.1335
P00208,colo_operator,wholesale_colo,North America,US,Phoenix,2026,IV,2N,hybrid_air_liquid,shell_fitout,17.7,18.0,105678.0,1.02,0.0,150.99,150.99,8.53,1429.0,8530.0,3.38,0.0224,72.43,0.4797,39.7,0.2629,11.8,0.0782,23.68,0.1568
P00209,colo_operator,wholesale_colo,North America,US,Atlanta,2025,IV,2N+1,air,greenfield,57.2,20.0,262234.0,1.034,32.73,588.32,621.05,10.285,2244.0,10285.0,95.5,0.1623,245.4,0.4171,115.86,0.1969,45.72,0.0777,85.84,0.1459
P00210,colo_operator,edge,APAC,Singapore,Singapore,2025,IV,2N,hybrid_air_liquid,shell_fitout,1.2,7.0,13517.0,1.018,0.0,17.85,17.85,14.876,1321.0,14876.0,0.36,0.0204,8.86,0.4963,4.44,0.2489,1.43,0.0799,2.76,0.1544
P00211,hyperscaler,retail_colo,North America,US,Chicago,2023,III,N+1,air,greenfield,1.5,10.0,11446.0,1.036,0.54,18.44,18.97,12.292,1611.0,12292.0,2.79,0.1512,8.07,0.4374,3.27,0.1775,1.45,0.0785,2.87,0.1554
P00212,hyperscaler,hyperscale_cloud,Latin America,Mexico,Querétaro,2024,III,N+1,air,greenfield,90.7,20.0,460828.0,1.035,15.52,597.35,612.87,6.586,1296.0,6586.0,96.44,0.1614,253.51,0.4244,122.87,0.2057,47.65,0.0798,76.88,0.1287
P00213,enterprise,retail_colo,APAC,South Korea,Seoul,2023,IV,2N,hybrid_air_liquid,greenfield,14.6,15.0,86659.0,1.06,35.34,196.6,231.94,13.466,2269.0,13466.0,32.44,0.165,75.91,0.3861,44.73,0.2275,15.18,0.0772,28.34,0.1441
P00214,developer,wholesale_colo,Europe,Ireland,Dublin,2026,II,N,air,shell_fitout,25.2,27.0,113000.0,1.042,0.0,184.36,184.36,7.316,1632.0,7316.0,5.59,0.0303,94.11,0.5105,42.49,0.2305,15.7,0.0851,26.47,0.1436
P00215,developer,hyperscale_cloud,APAC,Australia,Melbourne,2023,III,N+1,air,greenfield,63.1,18.0,344792.0,1.005,22.05,574.66,596.7,9.107,1667.0,9107.0,92.9,0.1617,230.16,0.4005,114.62,0.1995,48.67,0.0847,88.3,0.1537
P00216,ai_cloud,retail_colo,North America,US,Salt Lake City,2020,IV,2N,air,greenfield,3.2,10.0,27995.0,1.111,1.46,32.31,33.76,10.096,1154.0,10096.0,5.57,0.1725,13.36,0.4134,5.97,0.1849,2.66,0.0823,4.75,0.147
P00217,colo_operator,edge,APAC,South Korea,Seoul,2024,IV,2N+1,air,greenfield,2.7,14.0,20029.0,1.074,5.18,53.45,58.63,19.797,2669.0,19797.0,8.51,0.1593,23.55,0.4405,10.24,0.1915,4.23,0.0792,6.92,0.1295
P00218,ai_cloud,wholesale_colo,Nordics,Norway,Oslo,2023,IV,2N,hybrid_air_liquid,shell_fitout,14.4,24.0,72810.0,1.098,0.0,124.23,124.23,8.627,1706.0,8627.0,2.43,0.0196,58.61,0.4718,34.83,0.2804,9.67,0.0778,18.7,0.1505
P00219,colo_operator,edge,North America,Canada,Toronto,2026,III,N+2,air,greenfield,0.4,5.0,5501.0,1.01,0.26,8.57,8.83,21.421,1558.0,21421.0,1.42,0.1663,3.56,0.416,1.69,0.1973,0.64,0.075,1.25,0.1454
P00220,hyperscaler,hyperscale_ai,APAC,Singapore,Singapore,2023,III,N+1,liquid_dtc,greenfield,52.3,76.0,160452.0,1.104,76.61,816.93,893.54,15.62,5091.0,15620.0,116.65,0.1428,309.58,0.379,208.03,0.2547,69.77,0.0854,112.89,0.1382
P00221,colo_operator,wholesale_colo,North America,US,Columbus,2024,III,N+1,air,greenfield,24.3,18.0,120967.0,1.099,15.98,192.58,208.56,7.925,1592.0,7925.0,29.87,0.1551,81.89,0.4252,40.44,0.21,15.02,0.078,25.36,0.1317
P00222,hyperscaler,hyperscale_cloud,APAC,Singapore,Singapore,2025,III,N+2,air,greenfield,108.1,19.0,568915.0,1.044,132.91,1138.88,1271.79,10.535,2002.0,10535.0,181.92,0.1597,460.24,0.4041,237.26,0.2083,93.95,0.0825,165.52,0.1453
P00223,colo_operator,wholesale_colo,Nordics,Norway,Oslo,2025,II,N,air,greenfield,16.3,29.0,69739.0,1.033,8.47,156.37,164.84,9.593,2242.0,9593.0,24.14,0.1544,67.63,0.4325,30.5,0.195,11.48,0.0734,22.62,0.1446
P00224,colo_operator,hyperscale_ai,North America,US,Silicon Valley,2024,III,N+1,liquid_dtc,greenfield,21.8,100.0,72053.0,1.103,32.5,344.42,376.92,15.799,4780.0,15799.0,42.06,0.1221,147.73,0.4289,80.7,0.2343,26.95,0.0783,46.99,0.1364
P00225,hyperscaler,retail_colo,North America,US,Abilene,2022,III,N+2,air,greenfield,1.3,17.0,7697.0,1.097,0.72,15.78,16.5,12.141,2051.0,12141.0,2.45,0.1551,6.58,0.417,3.06,0.1937,1.32,0.0836,2.38,0.1506
P00226,hyperscaler,hyperscale_ai,North America,US,Phoenix,2025,II,N,liquid_dtc,greenfield,256.5,45.0,957142.0,1.017,177.26,2197.15,2374.4,8.566,2296.0,8566.0,287.37,0.1308,892.88,0.4064,545.02,0.2481,174.26,0.0793,297.61,0.1355
P00227,developer,hyperscale_ai,APAC,India,Chennai,2022,III,N+2,liquid_dtc,shell_fitout,52.6,56.0,195602.0,1.024,0.0,223.17,223.17,4.243,1141.0,4243.0,2.2,0.0099,106.91,0.479,65.26,0.2924,18.73,0.0839,30.07,0.1347
P00228,colo_operator,retail_colo,Europe,Ireland,Dublin,2026,III,N+1,air,greenfield,4.9,10.0,41480.0,1.113,1.85,71.25,73.11,14.541,1718.0,14541.0,11.5,0.1613,30.91,0.4337,13.56,0.1903,5.45,0.0765,9.84,0.1381
P00229,colo_operator,hyperscale_cloud,North America,US,Atlanta,2025,III,N+1,air,shell_fitout,94.3,15.0,557448.0,1.097,0.0,541.87,541.87,5.746,972.0,5746.0,15.97,0.0295,286.91,0.5295,121.28,0.2238,46.42,0.0857,71.3,0.1316
P00230,ai_cloud,edge,APAC,Indonesia,Batam,2023,III,N+1,air,greenfield,0.5,8.0,4365.0,1.03,0.06,5.34,5.4,10.687,1224.0,10687.0,0.8,0.1489,2.34,0.4384,1.05,0.1964,0.44,0.0818,0.72,0.1345
P00231,colo_operator,hyperscale_cloud,Europe,Ireland,Dublin,2025,III,N+1,free_air_evap,shell_fitout,39.4,22.0,214620.0,1.04,0.0,248.45,248.45,6.306,1158.0,6306.0,11.19,0.045,125.53,0.5053,54.51,0.2194,20.12,0.081,37.1,0.1493
P00232,colo_operator,retail_colo,Latin America,Brazil,São Paulo,2022,III,N+1,air,greenfield,2.1,18.0,12414.0,1.092,0.34,19.16,19.5,9.126,1544.0,9126.0,2.93,0.1529,8.53,0.4452,3.59,0.1873,1.46,0.0764,2.65,0.1381
P00233,ai_cloud,hyperscale_ai,APAC,India,Chennai,2023,II,N,hybrid_air_liquid,shell_fitout,29.0,117.0,73487.0,1.072,0.0,121.89,121.89,4.203,1659.0,4203.0,2.57,0.0211,63.16,0.5182,30.81,0.2528,8.94,0.0734,16.4,0.1345
P00234,ai_cloud,wholesale_colo,North America,US,Atlanta,2022,II,N,hybrid_air_liquid,greenfield,9.1,8.0,93659.0,1.07,3.56,75.15,78.72,8.258,802.0,8258.0,11.58,0.1541,30.31,0.4034,16.4,0.2182,6.39,0.085,10.47,0.1393
P00235,colo_operator,hyperscale_cloud,APAC,Malaysia,Johor,2019,III,N+2,liquid_dtc,shell_fitout,76.4,28.0,337812.0,1.028,0.0,324.63,324.63,4.249,961.0,4249.0,3.31,0.0102,148.54,0.4576,95.27,0.2935,27.86,0.0858,49.64,0.1529
P00236,hyperscaler,edge,APAC,Singapore,Singapore,2022,III,N+2,air,greenfield,0.7,6.0,8788.0,1.006,1.18,11.12,12.29,15.88,1265.0,15880.0,1.73,0.1556,4.74,0.4268,2.11,0.19,0.91,0.082,1.62,0.1456
P00237,colo_operator,wholesale_colo,Europe,Germany,Frankfurt,2023,II,N,air,shell_fitout,24.1,16.0,129671.0,1.003,0.0,124.71,124.71,5.175,962.0,5175.0,3.65,0.0293,62.05,0.4976,30.22,0.2423,10.34,0.0829,18.44,0.1479
P00238,enterprise,hyperscale_cloud,APAC,Japan,Osaka,2025,III,N+1,air,greenfield,45.2,29.0,201208.0,1.06,97.52,554.19,651.71,12.261,2754.0,12261.0,91.36,0.1648,229.72,0.4145,106.67,0.1925,46.09,0.0832,80.36,0.145
P00239,colo_operator,wholesale_colo,APAC,Japan,Osaka,2026,III,N+1,hybrid_air_liquid,greenfield,37.0,40.0,151409.0,1.009,75.02,544.7,619.72,14.722,3598.0,14722.0,82.17,0.1509,224.72,0.4126,122.66,0.2252,42.23,0.0775,72.91,0.1339
P00240,colo_operator,hyperscale_ai,APAC,Japan,Tokyo,2023,III,N+1,immersion,greenfield,94.3,58.0,330586.0,1.008,112.45,1200.06,1312.51,12.726,3630.0,12726.0,158.86,0.1324,470.79,0.3923,321.33,0.2678,100.76,0.084,148.32,0.1236
P00241,colo_operator,edge,Europe,Spain,Madrid,2023,III,N+1,air,greenfield,1.5,8.0,14051.0,1.029,0.55,19.88,20.42,13.251,1415.0,13251.0,3.15,0.1587,8.22,0.4136,3.98,0.2003,1.73,0.0872,2.79,0.1402
P00242,developer,hyperscale_ai,APAC,Australia,Melbourne,2024,III,N+1,hybrid_air_liquid,greenfield,209.4,70.0,719818.0,1.002,106.78,2444.12,2550.9,11.672,3395.0,11672.0,368.26,0.1507,1040.82,0.4258,496.0,0.2029,193.85,0.0793,345.19,0.1412
P00243,ai_cloud,hyperscale_ai,MEA,Saudi Arabia,Riyadh,2024,III,N+2,hybrid_air_liquid,retrofit,98.5,54.0,343557.0,1.027,0.0,997.45,997.45,10.126,2903.0,10126.0,62.73,0.0629,483.87,0.4851,229.97,0.2306,82.65,0.0829,138.23,0.1386
P00244,hyperscaler,hyperscale_ai,Latin America,Chile,Santiago,2022,IV,2N,immersion,greenfield,43.5,126.0,140439.0,1.002,8.0,493.85,501.85,11.353,3516.0,11353.0,62.94,0.1274,190.97,0.3867,132.93,0.2692,37.83,0.0766,69.18,0.1401
P00245,ai_cloud,wholesale_colo,APAC,Japan,Osaka,2023,IV,2N,air,greenfield,18.6,8.0,155005.0,1.113,32.51,225.93,258.43,12.147,1458.0,12147.0,35.25,0.156,94.93,0.4202,44.98,0.1991,18.0,0.0797,32.76,0.145
P00246,ai_cloud,hyperscale_cloud,North America,US,Phoenix,2020,IV,2N,free_air_evap,greenfield,143.7,21.0,773737.0,1.033,62.98,1048.55,1111.53,7.297,1355.0,7297.0,169.46,0.1616,455.03,0.434,179.67,0.1714,88.11,0.084,156.28,0.149
P00247,ai_cloud,hyperscale_cloud,North America,US,Silicon Valley,2023,III,N+1,liquid_dtc,retrofit,52.8,24.0,254361.0,1.037,0.0,493.55,493.55,9.348,1940.0,9348.0,33.06,0.067,219.71,0.4452,129.61,0.2626,37.71,0.0764,73.46,0.1488
P00248,colo_operator,wholesale_colo,North America,US,Silicon Valley,2025,III,N+1,hybrid_air_liquid,greenfield,9.6,25.0,47788.0,1.022,18.9,107.83,126.73,11.232,2256.0,11232.0,18.01,0.167,43.23,0.4009,23.1,0.2142,8.17,0.0758,15.32,0.1421
P00249,developer,retail_colo,MEA,Saudi Arabia,Riyadh,2024,III,N+1,air,shell_fitout,1.5,18.0,8135.0,1.025,0.0,13.32,13.32,8.879,1637.0,8879.0,0.41,0.031,6.58,0.494,3.24,0.2435,1.17,0.0879,1.91,0.1436
P00250,hyperscaler,retail_colo,APAC,Singapore,Singapore,2021,III,N+2,free_air_evap,greenfield,2.5,7.0,24676.0,1.029,3.87,32.4,36.27,12.96,1313.0,12960.0,5.44,0.1679,13.75,0.4243,5.49,0.1696,2.63,0.0812,5.09,0.1571
P00251,colo_operator,hyperscale_ai,North America,US,Silicon Valley,2024,II,N,liquid_dtc,greenfield,40.3,82.0,129881.0,1.094,97.26,474.1,571.36,11.764,3650.0,11764.0,63.53,0.134,192.02,0.405,119.74,0.2526,36.17,0.0763,62.64,0.1321
P00252,colo_operator,hyperscale_ai,Europe,Ireland,Dublin,2026,III,N+2,liquid_dtc,retrofit,235.3,117.0,728127.0,1.039,0.0,2846.69,2846.69,12.098,3910.0,12098.0,175.66,0.0617,1289.27,0.4529,752.09,0.2642,215.75,0.0758,413.91,0.1454
P00253,colo_operator,hyperscale_ai,Nordics,Finland,Helsinki,2023,III,N+2,immersion,greenfield,115.2,122.0,304744.0,1.033,75.68,1419.55,1495.23,12.322,4658.0,12322.0,173.62,0.1223,578.08,0.4072,359.39,0.2532,108.63,0.0765,199.82,0.1408
P00254,hyperscaler,wholesale_colo,Nordics,Iceland,Reykjavik,2020,II,N,hybrid_air_liquid,greenfield,56.4,17.0,315207.0,1.072,32.88,424.42,457.3,7.525,1346.0,7525.0,62.48,0.1472,174.33,0.4107,96.98,0.2285,32.77,0.0772,57.86,0.1363
P00255,colo_operator,edge,Nordics,Finland,Helsinki,2020,II,N,air,greenfield,1.2,7.0,12007.0,1.004,0.84,11.68,12.52,9.736,973.0,9736.0,1.84,0.1571,4.94,0.4227,2.48,0.2123,0.94,0.0807,1.49,0.1272
P00256,developer,wholesale_colo,MEA,Saudi Arabia,Riyadh,2024,III,N+2,air,greenfield,14.2,17.0,77018.0,1.051,10.16,131.2,141.36,9.24,1704.0,9240.0,19.06,0.1453,56.96,0.4341,27.23,0.2076,10.12,0.0771,17.83,0.1359
P00257,colo_operator,wholesale_colo,North America,US,Dallas-Fort Worth,2020,III,N+1,liquid_dtc,greenfield,68.4,30.0,302683.0,1.016,30.87,460.34,491.21,6.73,1521.0,6730.0,59.59,0.1294,202.01,0.4388,101.56,0.2206,34.04,0.0739,63.14,0.1372
P00258,hyperscaler,hyperscale_ai,Europe,Germany,Frankfurt,2026,III,N+1,hybrid_air_liquid,greenfield,22.9,47.0,81421.0,1.073,39.47,344.36,383.82,15.037,4229.0,15037.0,49.65,0.1442,138.12,0.4011,80.35,0.2333,28.21,0.0819,48.02,0.1394
P00259,ai_cloud,retail_colo,APAC,Australia,Sydney,2023,III,N+1,hybrid_air_liquid,greenfield,11.7,9.0,95515.0,1.008,6.98,140.82,147.8,12.036,1474.0,12036.0,19.93,0.1416,59.54,0.4228,31.98,0.2271,11.47,0.0814,17.89,0.1271
P00260,hyperscaler,wholesale_colo,MEA,UAE,Dubai,2023,III,N+1,air,shell_fitout,9.0,18.0,48100.0,1.031,0.0,58.51,58.51,6.501,1216.0,6501.0,1.89,0.0323,28.82,0.4926,13.93,0.2382,5.14,0.0878,8.72,0.1491
P00261,ai_cloud,retail_colo,Nordics,Norway,Oslo,2026,IV,2N,air,shell_fitout,2.1,10.0,16506.0,1.035,0.0,23.38,23.38,11.135,1417.0,11135.0,0.74,0.0317,11.97,0.5118,5.43,0.2323,1.73,0.074,3.51,0.1502
P00262,colo_operator,edge,Latin America,Brazil,São Paulo,2024,IV,2N+1,air,greenfield,1.7,14.0,10884.0,1.002,0.31,24.59,24.9,14.464,2259.0,14464.0,3.86,0.1569,10.08,0.4099,5.44,0.2212,1.88,0.0763,3.34,0.1358
P00263,enterprise,hyperscale_cloud,Europe,France,Paris,2026,IV,2N,air,greenfield,172.1,18.0,994981.0,1.116,317.34,2560.79,2878.13,14.88,2574.0,14880.0,387.7,0.1514,1099.47,0.4293,493.09,0.1926,217.8,0.0851,362.74,0.1417
P00264,developer,hyperscale_cloud,Europe,France,Paris,2025,IV,2N,free_air_evap,retrofit,56.6,25.0,281207.0,1.068,0.0,582.56,582.56,10.293,2072.0,10293.0,55.51,0.0953,282.97,0.4857,115.87,0.1989,50.83,0.0872,77.38,0.1328
P00265,ai_cloud,wholesale_colo,APAC,Australia,Sydney,2022,III,N+1,liquid_dtc,greenfield,34.4,37.0,148551.0,1.064,23.9,389.1,413.01,11.311,2619.0,11311.0,51.37,0.132,152.97,0.3931,98.28,0.2526,33.15,0.0852,53.33,0.137
P00266,hyperscaler,retail_colo,APAC,South Korea,Seoul,2026,III,N+1,hybrid_air_liquid,greenfield,1.3,19.0,6047.0,1.011,2.92,18.67,21.58,14.359,3087.0,14359.0,2.62,0.1404,8.36,0.4477,3.98,0.2134,1.44,0.077,2.27,0.1215
P00267,ai_cloud,hyperscale_ai,MEA,South Africa,Johannesburg,2024,III,N+2,immersion,shell_fitout,193.3,107.0,640840.0,1.033,0.0,1288.13,1288.13,6.664,2010.0,6664.0,13.28,0.0103,616.41,0.4785,388.04,0.3012,92.47,0.0718,177.92,0.1381
P00268,colo_operator,retail_colo,APAC,Australia,Sydney,2022,III,N+1,air,greenfield,1.2,5.0,17964.0,1.006,0.51,15.51,16.03,12.927,864.0,12927.0,2.69,0.1735,6.28,0.4049,2.93,0.1886,1.34,0.0862,2.28,0.1467
P00269,colo_operator,hyperscale_cloud,APAC,Japan,Osaka,2023,IV,2N,free_air_evap,greenfield,80.4,25.0,429398.0,1.036,117.64,932.58,1050.22,11.599,2172.0,11599.0,173.48,0.186,378.99,0.4064,164.21,0.1761,76.84,0.0824,139.06,0.1491
P00270,ai_cloud,edge,APAC,Singapore,Singapore,2023,III,N+1,air,greenfield,2.2,9.0,21057.0,1.092,5.0,36.12,41.12,16.417,1715.0,16417.0,6.1,0.1689,15.03,0.4162,6.89,0.1907,2.91,0.0807,5.18,0.1434
P00271,colo_operator,hyperscale_cloud,Europe,Spain,Madrid,2021,II,N,air,shell_fitout,196.4,16.0,1178105.0,1.099,0.0,774.78,774.78,3.945,658.0,3945.0,20.43,0.0264,393.53,0.5079,185.66,0.2396,62.37,0.0805,112.79,0.1456
P00272,developer,hyperscale_cloud,APAC,Australia,Melbourne,2025,III,N+2,free_air_evap,greenfield,59.4,21.0,337501.0,1.007,26.22,573.08,599.31,9.648,1698.0,9648.0,94.96,0.1657,257.8,0.4498,94.06,0.1641,41.59,0.0726,84.68,0.1478
P00273,enterprise,hyperscale_ai,Europe,France,Paris,2020,III,N+1,liquid_dtc,greenfield,48.1,138.0,138828.0,1.004,105.49,492.82,598.31,10.246,3550.0,10246.0,69.27,0.1406,193.71,0.3931,113.47,0.2302,40.01,0.0812,76.36,0.1549
P00274,colo_operator,hyperscale_cloud,North America,US,Chicago,2024,IV,2N,liquid_dtc,greenfield,46.4,18.0,240503.0,1.087,27.98,569.25,597.23,12.268,2367.0,12268.0,76.13,0.1337,254.99,0.4479,128.15,0.2251,41.44,0.0728,68.53,0.1204
P00275,ai_cloud,edge,MEA,Saudi Arabia,Riyadh,2025,III,N+2,hybrid_air_liquid,greenfield,4.0,14.0,23602.0,1.09,2.88,61.22,64.1,15.305,2594.0,15305.0,9.14,0.1492,25.81,0.4216,13.34,0.2179,4.83,0.0789,8.11,0.1324
P00276,hyperscaler,wholesale_colo,Europe,Netherlands,Amsterdam,2024,III,N+1,air,greenfield,12.1,19.0,63420.0,1.087,25.69,121.54,147.23,10.044,1916.0,10044.0,20.35,0.1674,48.21,0.3967,24.74,0.2036,9.44,0.0777,18.78,0.1546
P00277,ai_cloud,hyperscale_ai,Europe,Spain,Madrid,2025,III,N+1,liquid_dtc,greenfield,49.1,108.0,141242.0,1.11,24.25,552.97,577.23,11.262,3915.0,11262.0,77.28,0.1397,229.29,0.4146,127.49,0.2306,40.59,0.0734,78.32,0.1416
P00278,hyperscaler,wholesale_colo,APAC,Malaysia,Johor,2025,IV,2N,hybrid_air_liquid,retrofit,78.7,22.0,375795.0,1.053,0.0,527.25,527.25,6.699,1403.0,6699.0,35.67,0.0677,237.36,0.4502,137.12,0.2601,44.85,0.0851,72.25,0.137
P00279,ai_cloud,hyperscale_ai,MEA,Saudi Arabia,Riyadh,2023,IV,2N,liquid_dtc,greenfield,36.3,118.0,112558.0,1.103,25.88,486.56,512.44,13.404,4323.0,13404.0,64.37,0.1323,198.87,0.4087,114.57,0.2355,39.93,0.0821,68.82,0.1414
P00280,colo_operator,retail_colo,APAC,India,Mumbai,2022,III,N+2,air,greenfield,1.0,16.0,6115.0,1.111,0.17,8.46,8.63,8.46,1384.0,8460.0,1.42,0.1678,3.44,0.407,1.65,0.1955,0.66,0.0781,1.28,0.1516
P00281,colo_operator,wholesale_colo,North America,US,Silicon Valley,2023,III,N+1,air,greenfield,83.6,8.0,774797.0,1.036,167.66,787.72,955.38,9.422,1017.0,9422.0,125.22,0.159,344.47,0.4373,144.22,0.1831,66.58,0.0845,107.24,0.1361
P00282,enterprise,hyperscale_ai,APAC,Japan,Tokyo,2026,III,N+2,liquid_dtc,greenfield,68.6,71.0,197076.0,1.083,84.14,1406.95,1491.09,20.509,7139.0,20509.0,205.95,0.1464,536.58,0.3814,331.36,0.2355,123.61,0.0879,209.44,0.1489
P00283,colo_operator,retail_colo,North America,US,Abilene,2023,IV,2N,air,greenfield,1.7,7.0,17723.0,1.041,0.64,22.91,23.55,13.479,1293.0,13479.0,3.81,0.1661,8.94,0.39,4.76,0.2076,1.96,0.0856,3.45,0.1506
P00284,enterprise,retail_colo,MEA,Saudi Arabia,Riyadh,2020,IV,2N,air,shell_fitout,4.2,17.0,24676.0,1.117,0.0,31.05,31.05,7.392,1258.0,7392.0,0.91,0.0292,15.63,0.5034,7.34,0.2364,2.4,0.0774,4.77,0.1536
P00285,developer,edge,North America,US,Atlanta,2023,IV,2N,liquid_dtc,greenfield,0.5,10.0,3935.0,1.019,0.23,8.21,8.44,16.426,2087.0,16426.0,1.16,0.141,3.25,0.3962,1.89,0.2303,0.72,0.0872,1.19,0.1452
P00286,enterprise,hyperscale_ai,North America,Canada,Toronto,2019,III,N+1,hybrid_air_liquid,greenfield,38.7,121.0,104688.0,1.032,23.02,282.31,305.33,7.295,2697.0,7295.0,42.94,0.1521,113.18,0.4009,64.51,0.2285,23.63,0.0837,38.05,0.1348
P00287,ai_cloud,edge,Europe,France,Paris,2022,IV,2N,air,greenfield,2.3,11.0,18511.0,1.027,4.23,39.61,43.84,17.221,2140.0,17221.0,5.98,0.1509,16.21,0.4093,8.12,0.2051,3.05,0.077,6.24,0.1576
P00288,hyperscaler,wholesale_colo,MEA,UAE,Dubai,2026,III,N+1,air,greenfield,88.7,12.0,644574.0,1.109,42.29,850.68,892.97,9.591,1320.0,9591.0,152.33,0.1791,325.7,0.3829,175.23,0.206,70.51,0.0829,126.9,0.1492
P00289,developer,wholesale_colo,North America,US,Abilene,2025,III,N+2,free_air_evap,greenfield,8.7,32.0,37529.0,1.01,4.6,73.82,78.42,8.485,1967.0,8485.0,12.35,0.1673,32.3,0.4376,12.71,0.1722,5.77,0.0781,10.69,0.1448
P00290,colo_operator,hyperscale_ai,Nordics,Norway,Oslo,2021,III,N+1,hybrid_air_liquid,shell_fitout,60.3,93.0,183730.0,1.096,0.0,462.24,462.24,7.666,2516.0,7666.0,9.35,0.0202,227.81,0.4928,121.84,0.2636,37.49,0.0811,65.74,0.1422
P00291,colo_operator,edge,APAC,India,Chennai,2026,II,N,hybrid_air_liquid,greenfield,1.2,15.0,7434.0,1.103,0.14,10.26,10.4,8.55,1380.0,8550.0,1.51,0.1471,4.18,0.4078,2.33,0.2267,0.86,0.0838,1.38,0.1345
P00292,developer,wholesale_colo,North America,US,Phoenix,2025,III,N+1,liquid_dtc,greenfield,88.3,28.0,392212.0,1.021,60.32,937.05,997.37,10.612,2389.0,10612.0,134.25,0.1433,350.46,0.374,242.28,0.2586,76.06,0.0812,134.0,0.143
P00293,developer,edge,Europe,UK,London,2025,IV,2N,free_air_evap,shell_fitout,0.9,10.0,7227.0,1.02,0.0,12.77,12.77,14.193,1767.0,14193.0,0.54,0.0423,6.61,0.5172,2.72,0.2126,1.1,0.0858,1.81,0.1421
P00294,colo_operator,retail_colo,North America,US,Phoenix,2026,III,N+1,hybrid_air_liquid,shell_fitout,7.7,15.0,48742.0,1.021,0.0,60.33,60.33,7.835,1238.0,7835.0,1.32,0.0218,30.48,0.5052,14.61,0.2422,4.92,0.0816,9.0,0.1492
P00295,colo_operator,hyperscale_ai,North America,US,Dallas-Fort Worth,2024,II,N,liquid_dtc,shell_fitout,30.8,119.0,91648.0,1.049,0.0,206.67,206.67,6.71,2255.0,6710.0,2.25,0.0109,97.39,0.4712,59.46,0.2877,16.96,0.0821,30.6,0.1481
P00296,ai_cloud,hyperscale_ai,Nordics,Sweden,Stockholm,2019,III,N+1,liquid_dtc,shell_fitout,32.4,70.0,104039.0,1.1,0.0,215.7,215.7,6.658,2073.0,6658.0,2.18,0.0101,103.31,0.4789,60.69,0.2814,18.74,0.0869,30.78,0.1427
P00297,hyperscaler,retail_colo,Latin America,Brazil,São Paulo,2020,III,N+2,air,retrofit,14.1,6.0,170273.0,1.007,0.0,108.03,108.03,7.662,634.0,7662.0,8.52,0.0789,50.07,0.4635,24.8,0.2295,9.11,0.0843,15.53,0.1438
P00298,colo_operator,hyperscale_ai,APAC,South Korea,Seoul,2023,IV,2N,air,greenfield,23.8,133.0,73704.0,1.1,29.62,361.25,390.88,15.179,4901.0,15179.0,57.93,0.1604,155.13,0.4294,66.15,0.1831,30.24,0.0837,51.81,0.1434
P00299,enterprise,hyperscale_ai,Europe,Italy,Milan,2022,III,N+1,liquid_dtc,greenfield,24.9,42.0,104736.0,1.115,16.02,271.33,287.35,10.897,2591.0,10897.0,35.58,0.1311,107.78,0.3972,68.52,0.2525,23.07,0.085,36.38,0.1341
P00300,developer,hyperscale_cloud,Europe,France,Paris,2026,III,N+2,liquid_dtc,greenfield,64.4,24.0,336437.0,1.038,124.61,712.9,837.52,11.07,2119.0,11070.0,95.47,0.1339,297.09,0.4167,157.39,0.2208,58.1,0.0815,104.86,0.1471
P00301,colo_operator,hyperscale_ai,Europe,Netherlands,Amsterdam,2020,IV,2N,liquid_dtc,greenfield,173.8,53.0,625218.0,1.07,352.04,1828.7,2180.74,10.522,2925.0,10522.0,232.14,0.1269,781.56,0.4274,430.39,0.2354,145.61,0.0796,239.0,0.1307
P00302,developer,retail_colo,Nordics,Iceland,Reykjavik,2024,III,N+1,air,greenfield,17.3,14.0,114968.0,1.117,10.93,195.96,206.88,11.327,1704.0,11327.0,31.17,0.1591,76.82,0.392,42.66,0.2177,15.79,0.0806,29.52,0.1507
P00303,ai_cloud,hyperscale_cloud,Nordics,Sweden,Stockholm,2023,IV,2N,air,greenfield,27.8,30.0,110135.0,1.115,18.07,298.84,316.91,10.75,2713.0,10750.0,50.66,0.1695,120.95,0.4047,59.93,0.2005,24.67,0.0825,42.65,0.1427
P00304,hyperscaler,retail_colo,North America,US,Phoenix,2024,IV,2N,air,retrofit,1.2,19.0,6432.0,1.028,0.0,15.66,15.66,13.049,2435.0,13049.0,1.37,0.0877,7.16,0.4572,3.64,0.2323,1.3,0.083,2.19,0.1398
P00305,colo_operator,edge,Nordics,Sweden,Stockholm,2022,IV,2N,air,greenfield,3.3,11.0,26126.0,1.014,1.24,51.98,53.22,15.75,1989.0,15750.0,8.68,0.167,21.71,0.4176,9.99,0.1923,4.01,0.0771,7.59,0.1461
P00306,ai_cloud,edge,North America,US,Chicago,2025,III,N+1,hybrid_air_liquid,greenfield,0.5,13.0,3435.0,1.021,0.35,7.54,7.88,15.072,2194.0,15072.0,1.09,0.1445,3.2,0.4251,1.61,0.2137,0.6,0.0795,1.03,0.1372
P00307,developer,retail_colo,Nordics,Finland,Helsinki,2025,III,N+1,hybrid_air_liquid,greenfield,11.7,16.0,75257.0,1.03,5.91,136.02,141.93,11.626,1807.0,11626.0,20.27,0.149,54.72,0.4023,31.12,0.2288,10.99,0.0808,18.92,0.1391
P00308,enterprise,wholesale_colo,Nordics,Iceland,Reykjavik,2025,III,N+1,air,shell_fitout,70.2,35.0,270256.0,1.061,0.0,479.21,479.21,6.826,1773.0,6826.0,15.21,0.0317,242.4,0.5058,122.01,0.2546,41.18,0.0859,58.41,0.1219
P00309,ai_cloud,edge,APAC,Singapore,Singapore,2021,III,N+1,hybrid_air_liquid,retrofit,3.1,10.0,24851.0,1.001,0.0,38.62,38.62,12.457,1554.0,12457.0,2.65,0.0685,17.19,0.4452,10.8,0.2797,3.04,0.0787,4.94,0.1279
P00310,colo_operator,retail_colo,MEA,South Africa,Johannesburg,2026,III,N+2,air,greenfield,8.4,9.0,76016.0,1.04,1.29,86.14,87.42,10.254,1133.0,10254.0,13.5,0.1567,36.08,0.4189,17.35,0.2014,7.57,0.0878,11.64,0.1352
P00311,colo_operator,hyperscale_ai,North America,US,Chicago,2025,III,N+1,liquid_dtc,retrofit,28.8,80.0,104747.0,1.029,0.0,319.55,319.55,11.096,3051.0,11096.0,17.96,0.0562,144.18,0.4512,86.05,0.2693,25.54,0.0799,45.82,0.1434
P00312,colo_operator,hyperscale_ai,Nordics,Norway,Oslo,2024,II,N,liquid_dtc,shell_fitout,38.7,92.0,132132.0,1.106,0.0,312.43,312.43,8.073,2365.0,8073.0,3.36,0.0108,158.1,0.506,82.52,0.2641,26.65,0.0853,41.8,0.1338
P00313,enterprise,wholesale_colo,North America,Canada,Toronto,2023,III,N+2,free_air_evap,shell_fitout,10.6,13.0,65442.0,1.018,0.0,79.17,79.17,7.469,1210.0,7469.0,3.3,0.0417,40.83,0.5158,16.73,0.2113,6.4,0.0808,11.91,0.1504
P00314,hyperscaler,hyperscale_ai,APAC,India,Chennai,2024,III,N+2,liquid_dtc,greenfield,22.6,108.0,69549.0,1.023,3.49,164.65,168.15,7.285,2367.0,7285.0,23.22,0.141,67.32,0.4089,41.45,0.2517,11.74,0.0713,20.93,0.1271
P00315,developer,wholesale_colo,Europe,UK,London,2021,IV,2N,liquid_dtc,greenfield,91.8,9.0,815785.0,1.095,104.63,1067.93,1172.56,11.633,1309.0,11633.0,148.33,0.1389,422.56,0.3957,262.55,0.2458,85.11,0.0797,149.37,0.1399
P00316,developer,edge,APAC,Malaysia,Johor,2023,IV,2N,air,greenfield,4.6,10.0,35217.0,1.071,0.54,54.52,55.06,11.851,1548.0,11851.0,8.83,0.162,22.63,0.4152,11.95,0.2191,4.09,0.075,7.02,0.1287
P00317,hyperscaler,hyperscale_ai,Europe,Italy,Milan,2019,III,N+1,hybrid_air_liquid,greenfield,94.4,77.0,324923.0,1.093,65.47,824.97,890.45,8.739,2539.0,8739.0,132.66,0.1608,351.05,0.4255,171.31,0.2077,63.68,0.0772,106.27,0.1288
P00318,colo_operator,retail_colo,APAC,South Korea,Seoul,2025,IV,2N,air,retrofit,13.5,6.0,164007.0,1.009,0.0,161.72,161.72,11.979,986.0,11979.0,14.07,0.087,71.35,0.4412,39.04,0.2414,13.78,0.0852,23.48,0.1452
P00319,developer,hyperscale_ai,APAC,Australia,Sydney,2025,III,N+1,liquid_dtc,greenfield,119.9,100.0,326107.0,1.022,70.66,1421.5,1492.16,11.856,4359.0,11856.0,204.47,0.1438,581.63,0.4092,336.48,0.2367,108.63,0.0764,190.29,0.1339
P00320,colo_operator,hyperscale_ai,Europe,UK,London,2024,II,N,liquid_dtc,greenfield,275.6,119.0,843182.0,1.02,514.52,2470.28,2984.81,8.963,2930.0,8963.0,376.76,0.1525,965.55,0.3909,555.58,0.2249,207.38,0.0839,365.02,0.1478
P00321,colo_operator,hyperscale_cloud,Latin America,Chile,Santiago,2023,III,N+1,air,shell_fitout,67.8,18.0,337997.0,1.025,0.0,334.41,334.41,4.932,989.0,4932.0,9.95,0.0298,169.28,0.5062,82.03,0.2453,28.61,0.0856,44.55,0.1332
P00322,hyperscaler,retail_colo,Europe,Netherlands,Amsterdam,2025,III,N+1,air,retrofit,2.3,9.0,21520.0,1.001,0.0,25.62,25.62,11.14,1191.0,11140.0,1.91,0.0744,11.75,0.4587,6.07,0.2368,1.99,0.0777,3.91,0.1525
P00323,hyperscaler,hyperscale_ai,Nordics,Sweden,Stockholm,2020,II,N,hybrid_air_liquid,greenfield,47.6,131.0,130896.0,1.09,20.07,410.13,430.21,8.616,3133.0,8616.0,60.13,0.1466,171.61,0.4184,92.28,0.225,29.36,0.0716,56.76,0.1384
P00324,colo_operator,hyperscale_ai,North America,US,Atlanta,2023,III,N+1,air,greenfield,115.3,115.0,377009.0,1.048,57.01,1150.55,1207.55,9.979,3052.0,9979.0,181.17,0.1575,494.95,0.4302,211.13,0.1835,90.21,0.0784,173.09,0.1504
P00325,colo_operator,hyperscale_ai,North America,US,Atlanta,2022,III,N+1,air,greenfield,40.0,94.0,121067.0,1.05,28.74,391.98,420.72,9.799,3238.0,9799.0,61.69,0.1574,168.94,0.431,78.37,0.1999,29.12,0.0743,53.86,0.1374
P00326,colo_operator,wholesale_colo,APAC,India,Chennai,2023,II,N,air,greenfield,20.0,38.0,75755.0,1.09,4.0,115.01,119.01,5.75,1518.0,5750.0,18.6,0.1617,48.09,0.4181,23.2,0.2017,9.04,0.0786,16.09,0.1399
P00327,ai_cloud,edge,Latin America,Brazil,São Paulo,2024,IV,2N,air,shell_fitout,5.0,10.0,39752.0,1.086,0.0,45.73,45.73,9.146,1150.0,9146.0,1.29,0.0283,22.95,0.5018,11.47,0.2508,3.41,0.0745,6.62,0.1447
P00328,developer,wholesale_colo,APAC,Japan,Tokyo,2025,III,N+1,air,retrofit,23.9,29.0,100977.0,1.009,0.0,274.97,274.97,11.505,2723.0,11505.0,25.49,0.0927,125.4,0.4561,64.14,0.2332,24.32,0.0884,35.62,0.1295
P00329,hyperscaler,retail_colo,Latin America,Brazil,São Paulo,2024,IV,2N+1,free_air_evap,greenfield,15.0,9.0,123317.0,1.116,1.51,156.63,158.14,10.442,1270.0,10442.0,26.64,0.1701,68.41,0.4368,27.72,0.177,12.34,0.0788,21.51,0.1373
P00330,colo_operator,retail_colo,APAC,Malaysia,Johor,2026,III,N+2,free_air_evap,retrofit,7.1,6.0,77858.0,1.018,0.0,52.9,52.9,7.45,679.0,7450.0,4.98,0.0942,25.61,0.4842,10.36,0.1959,4.18,0.079,7.76,0.1467
P00331,colo_operator,hyperscale_ai,APAC,Indonesia,Batam,2019,III,N+1,liquid_dtc,retrofit,27.0,43.0,99462.0,1.049,0.0,165.92,165.92,6.145,1668.0,6145.0,10.67,0.0643,76.3,0.4598,41.46,0.2499,13.74,0.0828,23.75,0.1431
P00332,colo_operator,hyperscale_ai,North America,US,Atlanta,2026,III,N+2,liquid_dtc,greenfield,85.5,44.0,328392.0,1.093,33.95,1162.1,1196.05,13.592,3539.0,13592.0,155.02,0.1334,504.99,0.4345,264.05,0.2272,86.92,0.0748,151.12,0.13
P00333,developer,hyperscale_ai,Europe,Netherlands,Amsterdam,2022,II,N,hybrid_air_liquid,greenfield,213.2,56.0,717718.0,1.024,264.51,1948.9,2213.41,9.141,2715.0,9141.0,285.8,0.1466,834.9,0.4284,391.3,0.2008,159.31,0.0817,277.58,0.1424
P00334,ai_cloud,hyperscale_ai,Europe,Spain,Madrid,2026,II,N,hybrid_air_liquid,retrofit,40.9,57.0,133368.0,1.085,0.0,378.27,378.27,9.249,2836.0,9249.0,28.93,0.0765,170.62,0.4511,96.28,0.2545,31.02,0.082,51.41,0.1359
P00335,enterprise,hyperscale_cloud,Europe,Ireland,Dublin,2024,III,N+2,hybrid_air_liquid,greenfield,34.7,26.0,153685.0,1.03,21.43,339.96,361.38,9.797,2212.0,9797.0,50.96,0.1499,151.02,0.4442,68.37,0.2011,27.33,0.0804,42.27,0.1243
P00336,hyperscaler,wholesale_colo,Nordics,Finland,Helsinki,2020,III,N+2,air,greenfield,11.4,39.0,42271.0,1.069,6.01,102.52,108.53,8.993,2425.0,8993.0,16.67,0.1626,41.67,0.4064,21.42,0.209,8.15,0.0795,14.61,0.1425
P00337,hyperscaler,wholesale_colo,Nordics,Norway,Oslo,2025,II,N,free_air_evap,greenfield,6.2,15.0,34731.0,1.09,4.22,59.77,63.99,9.641,1721.0,9641.0,10.36,0.1733,25.51,0.4268,10.7,0.1789,4.74,0.0793,8.47,0.1416
P00338,hyperscaler,hyperscale_ai,APAC,Singapore,Singapore,2025,II,N,liquid_dtc,greenfield,69.5,65.0,248428.0,1.013,106.48,784.63,891.12,11.29,3158.0,11290.0,108.88,0.1388,314.83,0.4012,195.31,0.2489,62.64,0.0798,102.97,0.1312
P00339,colo_operator,wholesale_colo,APAC,Japan,Tokyo,2020,IV,2N,free_air_evap,greenfield,18.1,33.0,80590.0,1.057,25.19,224.61,249.8,12.41,2787.0,12410.0,37.83,0.1684,98.56,0.4388,39.18,0.1744,18.03,0.0803,31.03,0.1381
P00340,colo_operator,wholesale_colo,Nordics,Finland,Helsinki,2025,III,N+2,free_air_evap,shell_fitout,22.0,18.0,110427.0,1.098,0.0,160.43,160.43,7.292,1453.0,7292.0,6.2,0.0386,77.14,0.4809,39.43,0.2458,12.67,0.079,24.98,0.1557
P00341,colo_operator,hyperscale_ai,North America,US,Columbus,2025,III,N+1,hybrid_air_liquid,shell_fitout,147.1,76.0,438003.0,1.113,0.0,989.43,989.43,6.726,2259.0,6726.0,22.59,0.0228,482.77,0.4879,262.98,0.2658,78.33,0.0792,142.76,0.1443
P00342,developer,wholesale_colo,APAC,Singapore,Singapore,2025,III,N+1,air,greenfield,6.9,31.0,29364.0,1.042,8.9,93.74,102.64,13.585,3192.0,13585.0,15.61,0.1665,36.58,0.3903,19.22,0.205,8.44,0.09,13.88,0.1481
P00343,colo_operator,wholesale_colo,APAC,Malaysia,Johor,2021,IV,2N,hybrid_air_liquid,greenfield,10.1,25.0,43994.0,1.081,1.23,76.49,77.73,7.573,1739.0,7573.0,11.74,0.1535,32.91,0.4303,15.89,0.2078,6.12,0.08,9.83,0.1285
P00344,developer,edge,Europe,Germany,Frankfurt,2025,III,N+2,liquid_dtc,greenfield,0.6,10.0,5413.0,1.084,1.07,12.99,14.06,21.642,2399.0,21642.0,1.81,0.1393,5.16,0.3974,3.2,0.2462,1.03,0.0794,1.79,0.1377
P00345,ai_cloud,hyperscale_ai,North America,US,Chicago,2024,III,N+2,liquid_dtc,greenfield,145.1,96.0,440676.0,1.043,82.84,1673.07,1755.92,11.53,3797.0,11530.0,223.38,0.1335,697.78,0.4171,379.35,0.2267,132.7,0.0793,239.86,0.1434
P00346,hyperscaler,retail_colo,APAC,Australia,Sydney,2024,III,N+1,air,greenfield,5.1,14.0,31168.0,1.064,2.44,62.22,64.66,12.199,1996.0,12199.0,9.98,0.1604,25.7,0.4131,12.29,0.1976,4.93,0.0792,9.32,0.1498
P00347,hyperscaler,edge,APAC,Singapore,Singapore,2026,IV,2N,hybrid_air_liquid,greenfield,0.7,7.0,6486.0,1.103,1.18,16.92,18.1,24.174,2609.0,24174.0,2.51,0.1483,7.08,0.4182,3.62,0.2141,1.21,0.0712,2.51,0.1481
P00348,hyperscaler,wholesale_colo,Europe,France,Paris,2025,III,N+1,free_air_evap,greenfield,8.1,23.0,42075.0,1.03,19.0,77.58,96.58,9.578,1844.0,9578.0,13.08,0.1687,32.95,0.4247,13.54,0.1746,6.77,0.0873,11.23,0.1447
P00349,enterprise,retail_colo,Europe,Netherlands,Amsterdam,2026,IV,2N,air,retrofit,6.0,18.0,33796.0,1.078,0.0,91.91,91.91,15.318,2720.0,15318.0,7.59,0.0825,44.71,0.4865,19.09,0.2078,8.07,0.0878,12.44,0.1354
P00350,enterprise,edge,APAC,Australia,Melbourne,2025,III,N+1,free_air_evap,greenfield,3.3,14.0,22319.0,1.091,2.0,53.5,55.5,16.211,2397.0,16211.0,8.66,0.1618,22.72,0.4246,9.43,0.1763,4.81,0.0899,7.88,0.1472
P00351,ai_cloud,wholesale_colo,APAC,South Korea,Seoul,2022,IV,2N,air,greenfield,8.5,29.0,40632.0,1.093,11.38,113.36,124.74,13.336,2790.0,13336.0,17.66,0.1558,49.99,0.4409,21.46,0.1893,8.29,0.0732,15.96,0.1408
P00352,developer,hyperscale_cloud,Nordics,Norway,Oslo,2023,IV,2N,air,greenfield,79.7,17.0,484967.0,1.118,29.65,904.35,933.99,11.347,1865.0,11347.0,161.57,0.1787,342.48,0.3787,185.43,0.205,76.85,0.085,138.03,0.1526
P00353,ai_cloud,edge,Latin America,Mexico,Querétaro,2025,IV,2N,liquid_dtc,greenfield,0.7,10.0,5582.0,1.037,0.13,10.15,10.28,14.5,1818.0,14500.0,1.49,0.1467,3.88,0.3822,2.61,0.2573,0.84,0.0824,1.33,0.1315
P00354,ai_cloud,wholesale_colo,North America,US,Phoenix,2022,IV,2N,hybrid_air_liquid,greenfield,6.3,15.0,38094.0,1.11,3.19,74.71,77.89,11.858,1961.0,11858.0,11.59,0.1552,31.79,0.4255,15.37,0.2057,6.34,0.0848,9.62,0.1288
P00355,hyperscaler,edge,APAC,Singapore,Singapore,2021,IV,2N+1,air,shell_fitout,1.0,10.0,8257.0,1.012,0.0,13.56,13.56,13.563,1643.0,13563.0,0.43,0.0316,6.75,0.4979,3.48,0.2565,1.05,0.0775,1.85,0.1364
P00356,colo_operator,retail_colo,Nordics,Iceland,Reykjavik,2024,IV,2N,air,retrofit,3.0,7.0,33167.0,1.017,0.0,36.58,36.58,12.194,1103.0,12194.0,3.08,0.0841,17.8,0.4867,8.15,0.2228,2.88,0.0788,4.67,0.1276
P00357,hyperscaler,retail_colo,Europe,Spain,Madrid,2026,III,N+1,free_air_evap,shell_fitout,19.9,20.0,108273.0,1.074,0.0,144.78,144.78,7.275,1337.0,7275.0,5.91,0.0408,73.99,0.5111,30.87,0.2132,12.33,0.0851,21.69,0.1498
P00358,colo_operator,wholesale_colo,North America,US,Chicago,2026,III,N+1,hybrid_air_liquid,greenfield,17.4,21.0,95521.0,1.089,9.91,211.29,221.2,12.143,2212.0,12143.0,31.74,0.1502,91.13,0.4313,44.75,0.2118,15.06,0.0713,28.6,0.1354
P00359,hyperscaler,retail_colo,MEA,South Africa,Johannesburg,2023,IV,2N,air,greenfield,6.9,5.0,98750.0,1.078,0.83,72.75,73.59,10.544,737.0,10544.0,11.26,0.1548,32.45,0.446,12.89,0.1772,5.88,0.0809,10.27,0.1412
P00360,colo_operator,wholesale_colo,Nordics,Sweden,Stockholm,2022,III,N+1,air,shell_fitout,33.0,27.0,160508.0,1.063,0.0,199.89,199.89,6.057,1245.0,6057.0,5.67,0.0284,104.35,0.522,46.38,0.232,15.1,0.0755,28.4,0.1421
P00361,ai_cloud,edge,North America,US,Reno,2023,IV,2N+1,free_air_evap,shell_fitout,4.7,7.0,45459.0,1.019,0.0,46.52,46.52,9.898,1023.0,9898.0,1.86,0.0401,23.06,0.4958,10.42,0.2239,3.94,0.0848,7.23,0.1555
P00362,hyperscaler,hyperscale_cloud,Latin America,Chile,Santiago,2023,III,N+1,air,greenfield,43.0,19.0,236804.0,1.021,4.62,286.01,290.63,6.651,1208.0,6651.0,44.33,0.155,121.87,0.4261,55.17,0.1929,21.44,0.075,43.2,0.1511
P00363,ai_cloud,hyperscale_ai,Latin America,Mexico,Querétaro,2026,III,N+1,liquid_dtc,retrofit,27.4,135.0,79902.0,1.067,0.0,231.34,231.34,8.443,2895.0,8443.0,14.71,0.0636,105.8,0.4573,59.68,0.258,20.04,0.0866,31.11,0.1345
P00364,hyperscaler,hyperscale_cloud,North America,Canada,Toronto,2021,III,N+2,free_air_evap,retrofit,161.5,21.0,771463.0,1.101,0.0,1099.55,1099.55,6.808,1425.0,6808.0,101.39,0.0922,518.52,0.4716,221.22,0.2012,94.23,0.0857,164.18,0.1493
P00365,colo_operator,hyperscale_ai,North America,US,Salt Lake City,2024,III,N+1,hybrid_air_liquid,shell_fitout,27.8,128.0,79223.0,1.024,0.0,210.68,210.68,7.578,2659.0,7578.0,4.11,0.0195,98.76,0.4688,58.18,0.2762,17.83,0.0847,31.8,0.1509
P00366,colo_operator,wholesale_colo,APAC,South Korea,Seoul,2023,IV,2N,air,retrofit,25.3,29.0,114302.0,1.025,0.0,267.46,267.46,10.572,2340.0,10572.0,22.77,0.0851,123.68,0.4624,61.54,0.2301,22.07,0.0825,37.41,0.1399
P00367,developer,retail_colo,North America,US,Columbus,2024,III,N+2,air,shell_fitout,6.6,20.0,33040.0,1.016,0.0,46.04,46.04,6.976,1394.0,6976.0,1.33,0.0289,22.92,0.4979,11.55,0.2508,3.91,0.0849,6.33,0.1375
P00368,colo_operator,wholesale_colo,North America,US,Chicago,2022,III,N+1,hybrid_air_liquid,greenfield,23.7,17.0,154724.0,1.11,14.22,207.89,222.11,8.772,1344.0,8772.0,30.42,0.1463,89.46,0.4303,43.61,0.2098,17.79,0.0856,26.62,0.1281
P00369,hyperscaler,wholesale_colo,Europe,Spain,Madrid,2026,II,N,free_air_evap,greenfield,29.0,28.0,125571.0,1.011,19.39,273.34,292.73,9.425,2177.0,9425.0,49.86,0.1824,116.27,0.4254,47.12,0.1724,21.98,0.0804,38.11,0.1394
P00370,enterprise,hyperscale_ai,North America,US,Northern Virginia,2022,IV,2N,immersion,greenfield,128.8,100.0,420605.0,1.113,70.76,1705.93,1776.69,13.245,4056.0,13245.0,223.44,0.131,660.89,0.3874,457.86,0.2684,128.41,0.0753,235.32,0.1379
P00371,developer,hyperscale_cloud,North America,US,Northern Virginia,2025,IV,2N,air,greenfield,60.0,16.0,322299.0,1.03,31.2,670.61,701.81,11.177,2081.0,11177.0,114.48,0.1707,272.55,0.4064,132.73,0.1979,56.47,0.0842,94.37,0.1407
P00372,ai_cloud,wholesale_colo,Nordics,Norway,Oslo,2024,IV,2N+1,hybrid_air_liquid,shell_fitout,8.7,9.0,66873.0,1.045,0.0,88.47,88.47,10.169,1323.0,10169.0,1.96,0.0222,42.52,0.4806,25.13,0.284,7.15,0.0808,11.71,0.1324
P00373,ai_cloud,hyperscale_ai,Nordics,Iceland,Reykjavik,2024,III,N+1,hybrid_air_liquid,greenfield,173.6,73.0,589913.0,1.074,122.84,2045.58,2168.43,11.783,3468.0,11783.0,285.22,0.1394,908.74,0.4442,413.52,0.2022,164.31,0.0803,273.8,0.1338
P00374,hyperscaler,hyperscale_cloud,Europe,Germany,Frankfurt,2024,III,N+2,air,greenfield,71.9,25.0,369300.0,1.008,166.4,687.62,854.01,9.564,1862.0,9564.0,110.41,0.1606,285.98,0.4159,137.27,0.1996,53.61,0.078,100.35,0.1459
P00375,hyperscaler,retail_colo,North America,US,Northern Virginia,2023,IV,2N,hybrid_air_liquid,shell_fitout,7.3,7.0,65211.0,1.021,0.0,69.93,69.93,9.579,1072.0,9579.0,1.32,0.0189,36.18,0.5174,18.5,0.2646,5.11,0.0731,8.81,0.126
P00376,colo_operator,retail_colo,North America,Canada,Toronto,2022,IV,2N,air,shell_fitout,2.5,17.0,14504.0,1.102,0.0,22.01,22.01,8.803,1517.0,8803.0,0.64,0.029,11.2,0.5091,5.25,0.2386,1.87,0.085,3.04,0.1383
P00377,hyperscaler,retail_colo,Europe,Germany,Frankfurt,2025,III,N+2,air,greenfield,10.2,14.0,59060.0,1.086,13.46,150.2,163.66,14.725,2543.0,14725.0,24.1,0.1605,65.48,0.436,28.59,0.1904,11.38,0.0758,20.64,0.1374
P00378,developer,edge,Latin America,Chile,Santiago,2024,III,N+2,hybrid_air_liquid,retrofit,0.5,10.0,4008.0,1.004,0.0,6.22,6.22,12.432,1551.0,12432.0,0.44,0.0707,2.92,0.4698,1.48,0.2377,0.49,0.0796,0.88,0.1421
P00379,ai_cloud,edge,APAC,South Korea,Seoul,2020,IV,2N,air,greenfield,2.6,11.0,21228.0,1.005,3.62,35.01,38.63,13.467,1649.0,13467.0,5.86,0.1673,14.97,0.4277,7.0,0.2,2.71,0.0775,4.46,0.1275
P00380,colo_operator,wholesale_colo,MEA,Saudi Arabia,Riyadh,2025,III,N+1,air,greenfield,38.4,24.0,198696.0,1.011,21.94,365.14,387.07,9.509,1838.0,9509.0,58.4,0.1599,147.24,0.4033,78.62,0.2153,30.09,0.0824,50.79,0.1391
P00381,hyperscaler,edge,Europe,Netherlands,Amsterdam,2025,IV,2N,free_air_evap,greenfield,1.9,12.0,13625.0,1.112,3.84,34.64,38.48,18.232,2542.0,18232.0,5.96,0.1722,15.06,0.4348,6.1,0.1761,2.71,0.0782,4.8,0.1387
P00382,hyperscaler,hyperscale_cloud,North America,Canada,Toronto,2025,II,N,air,shell_fitout,149.0,23.0,681484.0,1.035,0.0,903.78,903.78,6.066,1326.0,6066.0,28.34,0.0314,446.34,0.4939,217.89,0.2411,77.57,0.0858,133.64,0.1479
P00383,developer,hyperscale_ai,MEA,UAE,Dubai,2021,II,N,hybrid_air_liquid,greenfield,297.6,45.0,1220140.0,1.045,213.93,2012.1,2226.03,6.761,1649.0,6761.0,295.92,0.1471,792.22,0.3937,469.51,0.2333,164.23,0.0816,290.21,0.1442
P00384,developer,hyperscale_ai,APAC,Australia,Melbourne,2026,III,N+1,air,greenfield,65.5,71.0,231669.0,1.04,35.5,738.34,773.84,11.272,3187.0,11272.0,119.92,0.1624,324.8,0.4399,143.38,0.1942,59.83,0.081,90.42,0.1225
P00385,hyperscaler,wholesale_colo,MEA,South Africa,Johannesburg,2026,III,N+1,hybrid_air_liquid,greenfield,18.5,20.0,95902.0,1.034,2.73,143.09,145.82,7.735,1492.0,7735.0,20.43,0.1428,60.52,0.4229,30.21,0.2111,11.74,0.0821,20.19,0.1411
P00386,enterprise,hyperscale_cloud,Europe,Ireland,Dublin,2024,IV,2N,free_air_evap,greenfield,97.9,15.0,582104.0,1.059,54.29,1056.85,1111.15,10.795,1816.0,10795.0,190.65,0.1804,450.74,0.4265,191.17,0.1809,87.56,0.0828,136.73,0.1294
P00387,ai_cloud,edge,Latin America,Brazil,São Paulo,2021,IV,2N+1,free_air_evap,greenfield,1.9,14.0,12010.0,1.071,0.27,24.45,24.72,12.87,2036.0,12870.0,4.19,0.1712,10.65,0.4354,4.26,0.1741,2.04,0.0835,3.32,0.1358
P00388,hyperscaler,wholesale_colo,APAC,India,Mumbai,2021,IV,2N,air,greenfield,8.6,24.0,39972.0,1.113,1.46,62.7,64.16,7.291,1569.0,7291.0,9.9,0.1579,27.05,0.4314,11.94,0.1905,4.86,0.0774,8.95,0.1428
P00389,ai_cloud,retail_colo,North America,US,Salt Lake City,2021,III,N+1,air,retrofit,7.3,16.0,45780.0,1.001,0.0,53.71,53.71,7.358,1173.0,7358.0,4.54,0.0845,25.25,0.4701,11.93,0.222,4.36,0.0812,7.64,0.1422
P00390,colo_operator,retail_colo,APAC,South Korea,Seoul,2024,III,N+2,air,greenfield,2.4,17.0,11312.0,1.013,3.94,32.8,36.74,13.667,2900.0,13667.0,5.26,0.1602,13.65,0.4162,6.77,0.2064,2.63,0.0802,4.49,0.137
P00391,developer,retail_colo,APAC,Indonesia,Batam,2024,IV,2N,air,greenfield,8.2,8.0,74630.0,1.052,0.99,82.02,83.02,10.003,1099.0,10003.0,13.4,0.1634,32.83,0.4002,17.27,0.2106,6.66,0.0812,11.87,0.1447
P00392,ai_cloud,wholesale_colo,APAC,Australia,Melbourne,2022,IV,2N,air,greenfield,8.3,32.0,34827.0,1.086,3.85,95.45,99.3,11.5,2741.0,11500.0,14.74,0.1545,39.96,0.4186,19.94,0.2089,7.46,0.0782,13.34,0.1398
P00393,hyperscaler,edge,North America,Canada,Toronto,2022,III,N+2,liquid_dtc,greenfield,1.4,14.0,8503.0,1.09,0.87,24.84,25.71,17.742,2921.0,17742.0,3.27,0.1316,10.52,0.4237,5.68,0.2287,2.03,0.0816,3.34,0.1343
P00394,developer,wholesale_colo,Europe,UK,London,2025,IV,2N,air,greenfield,19.4,13.0,113644.0,1.001,42.14,298.96,341.11,15.411,2631.0,15411.0,43.79,0.1465,124.32,0.4158,59.45,0.1989,28.6,0.0956,42.81,0.1432
P00395,colo_operator,wholesale_colo,MEA,South Africa,Johannesburg,2023,III,N+1,air,greenfield,18.9,12.0,138122.0,1.116,2.4,152.86,155.26,8.088,1107.0,8088.0,24.14,0.1579,64.01,0.4188,30.44,0.1991,12.69,0.083,21.58,0.1412
P00396,colo_operator,retail_colo,MEA,South Africa,Johannesburg,2026,IV,2N,air,greenfield,6.6,7.0,65545.0,1.03,0.88,80.07,80.94,12.131,1222.0,12131.0,12.2,0.1524,33.24,0.4152,17.94,0.224,5.65,0.0706,11.04,0.1379
P00397,colo_operator,hyperscale_cloud,North America,US,Northern Virginia,2025,III,N+2,liquid_dtc,greenfield,143.4,16.0,893840.0,1.03,67.28,1404.93,1472.21,9.797,1572.0,9797.0,188.37,0.1341,582.74,0.4148,326.64,0.2325,111.55,0.0794,195.62,0.1392
P00398,colo_operator,hyperscale_ai,MEA,Saudi Arabia,Riyadh,2023,IV,2N,air,greenfield,112.7,55.0,422532.0,1.006,82.87,1239.85,1322.72,11.001,2934.0,11001.0,215.21,0.1736,507.18,0.4091,229.14,0.1848,98.27,0.0793,190.05,0.1533
P00399,ai_cloud,hyperscale_ai,North America,US,Chicago,2024,II,N,liquid_dtc,greenfield,277.7,47.0,968565.0,1.038,149.44,2403.2,2552.63,8.654,2481.0,8654.0,352.15,0.1465,914.3,0.3805,604.18,0.2514,201.42,0.0838,331.13,0.1378
P00400,colo_operator,hyperscale_cloud,Nordics,Norway,Oslo,2024,III,N+1,air,shell_fitout,24.9,28.0,111443.0,1.02,0.0,141.03,141.03,5.664,1265.0,5664.0,4.29,0.0304,66.76,0.4734,35.94,0.2548,12.6,0.0893,21.44,0.152
P00401,enterprise,wholesale_colo,North America,Canada,Toronto,2024,III,N+1,free_air_evap,shell_fitout,17.6,28.0,75278.0,1.015,0.0,109.46,109.46,6.22,1454.0,6220.0,4.34,0.0396,55.83,0.51,25.41,0.2321,8.39,0.0767,15.5,0.1416
P00402,hyperscaler,edge,APAC,India,Mumbai,2025,IV,2N,liquid_dtc,shell_fitout,4.1,7.0,43695.0,1.042,0.0,32.26,32.26,7.868,738.0,7868.0,0.33,0.0102,15.54,0.4817,9.45,0.2929,2.57,0.0798,4.36,0.1353
P00403,colo_operator,hyperscale_cloud,Europe,Netherlands,Amsterdam,2022,III,N+1,air,shell_fitout,64.4,24.0,320174.0,1.005,0.0,352.07,352.07,5.467,1100.0,5467.0,10.28,0.0292,167.53,0.4758,92.43,0.2625,29.48,0.0837,52.36,0.1487
P00404,colo_operator,wholesale_colo,Nordics,Norway,Oslo,2023,III,N+2,air,retrofit,29.9,11.0,219923.0,1.038,0.0,250.23,250.23,8.369,1138.0,8369.0,21.02,0.084,114.35,0.457,54.94,0.2196,21.66,0.0866,38.25,0.1529
P00405,hyperscaler,retail_colo,Nordics,Iceland,Reykjavik,2026,III,N+1,air,shell_fitout,1.8,15.0,11167.0,1.049,0.0,19.35,19.35,10.752,1733.0,10752.0,0.63,0.0324,9.54,0.4928,4.7,0.2429,1.58,0.0815,2.91,0.1504
P00406,hyperscaler,wholesale_colo,APAC,Japan,Osaka,2023,III,N+2,air,shell_fitout,51.3,20.0,292090.0,1.088,0.0,417.31,417.31,8.135,1429.0,8135.0,12.43,0.0298,209.27,0.5015,100.45,0.2407,34.76,0.0833,60.4,0.1447
P00407,colo_operator,hyperscale_ai,North America,US,Atlanta,2022,III,N+1,liquid_dtc,greenfield,126.6,52.0,400152.0,1.095,58.06,1239.61,1297.67,9.792,3098.0,9792.0,170.54,0.1376,486.74,0.3927,311.53,0.2513,97.31,0.0785,173.49,0.14
P00408,developer,hyperscale_ai,North America,Canada,Toronto,2023,III,N+2,hybrid_air_liquid,greenfield,47.7,115.0,139075.0,1.051,16.85,574.57,591.41,12.045,4131.0,12045.0,81.74,0.1423,237.31,0.413,132.9,0.2313,44.59,0.0776,78.01,0.1358
P00409,ai_cloud,wholesale_colo,APAC,Malaysia,Johor,2021,IV,2N,liquid_dtc,greenfield,18.8,14.0,124297.0,1.061,2.34,133.72,136.06,7.113,1076.0,7113.0,16.59,0.1241,54.45,0.4072,33.71,0.2521,10.24,0.0766,18.73,0.14
P00410,developer,hyperscale_ai,Latin America,Brazil,São Paulo,2024,IV,2N,liquid_dtc,greenfield,269.0,112.0,881616.0,1.07,37.89,2907.19,2945.08,10.807,3298.0,10807.0,372.9,0.1283,1166.47,0.4012,706.45,0.243,235.24,0.0809,426.13,0.1466
P00411,hyperscaler,hyperscale_ai,APAC,Japan,Osaka,2024,III,N+1,hybrid_air_liquid,retrofit,47.8,58.0,180275.0,1.019,0.0,529.71,529.71,11.082,2938.0,11082.0,36.42,0.0687,247.63,0.4675,128.33,0.2423,43.24,0.0816,74.1,0.1399
P00412,colo_operator,retail_colo,North America,US,Silicon Valley,2021,IV,2N,air,greenfield,11.8,14.0,76002.0,1.004,18.19,146.47,164.66,12.413,1927.0,12413.0,21.78,0.1487,62.85,0.4291,30.52,0.2084,11.98,0.0818,19.36,0.1321
P00413,hyperscaler,wholesale_colo,Europe,Ireland,Dublin,2026,III,N+1,air,retrofit,83.9,20.0,446909.0,1.115,0.0,733.27,733.27,8.74,1641.0,8740.0,61.15,0.0834,344.65,0.47,157.19,0.2144,58.03,0.0791,112.25,0.1531
P00414,developer,hyperscale_cloud,APAC,Australia,Melbourne,2021,IV,2N+1,air,greenfield,185.7,25.0,866064.0,1.042,78.04,1629.75,1707.79,8.776,1882.0,8776.0,281.12,0.1725,647.63,0.3974,332.19,0.2038,142.38,0.0874,226.44,0.1389
P00415,hyperscaler,hyperscale_ai,North America,US,Abilene,2025,IV,2N,liquid_dtc,greenfield,109.7,62.0,360840.0,1.008,49.09,1247.33,1296.42,11.37,3457.0,11370.0,176.46,0.1415,494.7,0.3966,297.29,0.2383,103.12,0.0827,175.77,0.1409
P00416,enterprise,edge,North America,US,Silicon Valley,2022,III,N+1,air,shell_fitout,0.6,9.0,5401.0,1.01,0.0,6.24,6.24,10.402,1156.0,10402.0,0.19,0.0299,3.04,0.4879,1.59,0.2542,0.52,0.083,0.91,0.1451
P00417,enterprise,edge,Europe,Spain,Madrid,2025,IV,2N,air,greenfield,4.0,7.0,39227.0,1.054,2.5,63.88,66.39,15.971,1629.0,15971.0,10.25,0.1604,27.27,0.4269,12.55,0.1964,5.34,0.0837,8.47,0.1326
P00418,colo_operator,retail_colo,APAC,South Korea,Seoul,2022,III,N+2,free_air_evap,greenfield,8.2,10.0,68986.0,1.035,16.29,96.14,112.43,11.725,1394.0,11725.0,16.87,0.1755,41.62,0.4329,16.58,0.1724,7.89,0.082,13.18,0.1371
P00419,colo_operator,wholesale_colo,North America,US,Chicago,2020,III,N+2,hybrid_air_liquid,greenfield,35.6,13.0,237635.0,1.112,25.94,343.96,369.9,9.662,1447.0,9662.0,54.06,0.1572,135.29,0.3933,75.3,0.2189,28.46,0.0827,50.85,0.1478
P00420,enterprise,retail_colo,North America,US,Phoenix,2023,III,N+2,air,greenfield,5.5,19.0,27291.0,1.004,4.02,65.01,69.03,11.819,2382.0,11819.0,10.9,0.1676,28.0,0.4307,11.62,0.1788,5.03,0.0774,9.45,0.1454
P00421,colo_operator,retail_colo,North America,US,Abilene,2025,III,N+1,air,shell_fitout,2.6,13.0,18540.0,1.092,0.0,20.92,20.92,8.047,1129.0,8047.0,0.57,0.0272,10.76,0.5142,4.93,0.2357,1.75,0.0837,2.91,0.1392
P00422,enterprise,edge,North America,US,Atlanta,2025,III,N+1,hybrid_air_liquid,greenfield,0.7,14.0,4439.0,1.002,0.45,9.48,9.92,13.538,2135.0,13538.0,1.46,0.1544,3.92,0.4133,2.19,0.2316,0.7,0.0737,1.2,0.127
P00423,colo_operator,hyperscale_ai,North America,US,Reno,2019,III,N+2,air,greenfield,47.0,58.0,148869.0,1.007,28.06,426.27,454.33,9.069,2863.0,9069.0,65.35,0.1533,175.33,0.4113,92.72,0.2175,33.86,0.0794,59.0,0.1384
P00424,ai_cloud,retail_colo,MEA,UAE,Dubai,2025,IV,2N+1,hybrid_air_liquid,retrofit,2.1,8.0,19082.0,1.094,0.0,30.24,30.24,14.4,1585.0,14400.0,2.11,0.0697,13.71,0.4533,7.27,0.2405,2.51,0.0831,4.64,0.1534
P00425,hyperscaler,wholesale_colo,Europe,Netherlands,Amsterdam,2024,III,N+1,hybrid_air_liquid,greenfield,82.0,14.0,473941.0,1.006,138.68,878.61,1017.29,10.715,1854.0,10715.0,128.33,0.1461,372.71,0.4242,181.24,0.2063,74.5,0.0848,121.83,0.1387
P00426,colo_operator,hyperscale_ai,Nordics,Norway,Oslo,2023,III,N+1,hybrid_air_liquid,greenfield,209.2,60.0,713017.0,1.066,89.87,2258.6,2348.47,10.796,3168.0,10796.0,354.74,0.1571,886.46,0.3925,517.55,0.2291,174.34,0.0772,325.5,0.1441
P00427,developer,retail_colo,North America,US,Reno,2026,III,N+2,air,greenfield,1.0,6.0,11962.0,1.034,0.69,14.01,14.7,14.006,1171.0,14006.0,2.1,0.1498,6.09,0.4349,2.59,0.1852,1.14,0.0813,2.08,0.1488
P00428,hyperscaler,wholesale_colo,North America,US,Phoenix,2022,IV,2N,air,retrofit,25.7,28.0,107858.0,1.09,0.0,221.78,221.78,8.63,2056.0,8630.0,17.71,0.0798,104.2,0.4698,50.0,0.2255,18.04,0.0813,31.83,0.1435
P00429,hyperscaler,wholesale_colo,Nordics,Iceland,Reykjavik,2020,III,N+2,free_air_evap,greenfield,20.6,11.0,157380.0,1.005,12.59,163.81,176.39,7.952,1041.0,7952.0,27.05,0.1651,72.32,0.4415,28.48,0.1739,13.63,0.0832,22.32,0.1363
P00430,ai_cloud,hyperscale_ai,MEA,South Africa,Johannesburg,2023,III,N+1,liquid_dtc,greenfield,231.0,138.0,689047.0,1.108,34.55,2318.03,2352.58,10.035,3364.0,10035.0,322.49,0.1391,940.43,0.4057,579.48,0.25,182.49,0.0787,293.14,0.1265
P00431,colo_operator,wholesale_colo,Latin America,Chile,Santiago,2026,III,N+1,hybrid_air_liquid,shell_fitout,19.2,30.0,84419.0,1.068,0.0,121.95,121.95,6.351,1445.0,6351.0,2.73,0.0223,59.98,0.4918,32.7,0.2682,9.67,0.0793,16.87,0.1383
P00432,colo_operator,retail_colo,North America,US,Columbus,2022,III,N+1,hybrid_air_liquid,greenfield,1.3,18.0,7463.0,1.048,0.82,13.99,14.81,10.765,1875.0,10765.0,1.91,0.1365,6.02,0.4303,2.84,0.2026,1.09,0.0781,2.13,0.1524
P00433,hyperscaler,wholesale_colo,MEA,UAE,Dubai,2026,III,N+2,air,greenfield,46.6,20.0,252404.0,1.092,17.87,469.86,487.73,10.083,1862.0,10083.0,74.03,0.1576,192.14,0.4089,97.45,0.2074,38.01,0.0809,68.23,0.1452
P00434,colo_operator,retail_colo,MEA,South Africa,Johannesburg,2023,IV,2N,air,greenfield,1.2,7.0,12324.0,1.102,0.15,14.25,14.4,11.875,1156.0,11875.0,2.32,0.1628,5.93,0.4164,3.02,0.2121,1.11,0.0779,1.86,0.1308
P00435,colo_operator,edge,APAC,Australia,Sydney,2021,III,N+1,air,retrofit,0.8,10.0,6340.0,1.092,0.0,9.05,9.05,11.309,1427.0,11309.0,0.73,0.0802,4.33,0.4782,2.03,0.224,0.66,0.0735,1.3,0.144
P00436,ai_cloud,retail_colo,APAC,Malaysia,Johor,2026,III,N+1,air,greenfield,7.0,18.0,39554.0,1.073,0.95,65.68,66.64,9.384,1661.0,9384.0,10.68,0.1625,27.67,0.4213,13.38,0.2037,5.03,0.0765,8.94,0.136
P00437,colo_operator,retail_colo,Europe,UK,London,2025,IV,2N,air,shell_fitout,5.0,11.0,37329.0,1.088,0.0,57.09,57.09,11.419,1530.0,11419.0,1.67,0.0293,28.59,0.5008,14.36,0.2515,4.77,0.0835,7.7,0.1349
P00438,ai_cloud,wholesale_colo,Europe,Ireland,Dublin,2019,III,N+1,air,greenfield,40.8,25.0,193734.0,1.067,25.14,335.04,360.18,8.212,1729.0,8212.0,54.7,0.1633,140.39,0.419,66.03,0.1971,27.41,0.0818,46.52,0.1388
P00439,colo_operator,hyperscale_ai,Nordics,Iceland,Reykjavik,2023,III,N+1,air,greenfield,67.9,61.0,222500.0,1.079,30.89,774.85,805.74,11.412,3482.0,11412.0,125.8,0.1624,321.97,0.4155,157.28,0.203,58.81,0.0759,110.98,0.1432
P00440,hyperscaler,edge,North America,US,Phoenix,2025,III,N+1,air,retrofit,4.3,10.0,33340.0,1.016,0.0,53.39,53.39,12.417,1601.0,12417.0,4.61,0.0863,24.15,0.4523,12.28,0.2299,4.32,0.0809,8.04,0.1506
P00441,colo_operator,wholesale_colo,Nordics,Norway,Oslo,2024,III,N+2,free_air_evap,greenfield,7.5,27.0,35146.0,1.032,3.45,81.77,85.22,10.903,2327.0,10903.0,13.85,0.1694,35.82,0.438,14.47,0.1769,6.56,0.0802,11.08,0.1355
P00442,colo_operator,wholesale_colo,APAC,South Korea,Seoul,2020,IV,2N,free_air_evap,retrofit,40.2,31.0,151385.0,1.099,0.0,400.07,400.07,9.952,2643.0,9952.0,36.94,0.0923,190.18,0.4754,77.16,0.1929,35.97,0.0899,59.83,0.1496
P00443,hyperscaler,hyperscale_ai,North America,US,Abilene,2024,III,N+1,liquid_dtc,greenfield,22.1,103.0,59630.0,1.071,16.24,259.56,275.8,11.745,4353.0,11745.0,37.99,0.1464,104.91,0.4042,60.58,0.2334,21.3,0.0821,34.78,0.134
P00444,colo_operator,wholesale_colo,Nordics,Sweden,Stockholm,2023,IV,2N,air,greenfield,26.6,32.0,115609.0,1.059,11.98,290.23,302.21,10.911,2510.0,10911.0,47.21,0.1627,123.53,0.4256,55.47,0.1911,23.33,0.0804,40.69,0.1402
P00445,colo_operator,hyperscale_cloud,Europe,Spain,Madrid,2026,III,N+1,free_air_evap,greenfield,30.2,26.0,131608.0,1.05,12.09,281.62,293.71,9.325,2140.0,9325.0,49.36,0.1753,118.52,0.4209,47.6,0.169,23.65,0.084,42.48,0.1509
P00446,colo_operator,hyperscale_cloud,North America,US,Phoenix,2026,III,N+1,hybrid_air_liquid,greenfield,136.1,19.0,816726.0,1.108,51.7,1248.13,1299.83,9.171,1528.0,9171.0,170.87,0.1369,531.96,0.4262,266.09,0.2132,104.68,0.0839,174.54,0.1398
P00447,hyperscaler,wholesale_colo,APAC,India,Chennai,2023,III,N+2,air,greenfield,6.2,17.0,37025.0,1.09,0.8,41.13,41.93,6.634,1111.0,6634.0,6.57,0.1598,16.85,0.4097,8.57,0.2084,3.27,0.0795,5.86,0.1426
P00448,colo_operator,edge,Europe,UK,London,2024,II,N,air,greenfield,0.7,13.0,4586.0,1.115,1.18,11.16,12.34,15.946,2434.0,15946.0,1.77,0.1587,4.85,0.4344,2.18,0.1955,0.84,0.0749,1.52,0.1365
P00449,colo_operator,wholesale_colo,APAC,Australia,Melbourne,2025,II,N,air,greenfield,67.2,23.0,332203.0,1.045,31.61,670.16,701.77,9.973,2017.0,9973.0,112.54,0.1679,274.41,0.4095,139.18,0.2077,54.31,0.081,89.71,0.1339
P00450,developer,hyperscale_ai,North America,US,Atlanta,2024,III,N+1,liquid_dtc,retrofit,138.2,79.0,445852.0,1.055,0.0,1386.84,1386.84,10.035,3111.0,10035.0,83.13,0.0599,627.43,0.4524,359.43,0.2592,119.48,0.0862,197.37,0.1423
P00451,developer,hyperscale_ai,North America,US,Chicago,2023,II,N,liquid_dtc,greenfield,269.2,118.0,836370.0,1.022,135.95,2332.31,2468.26,8.664,2789.0,8664.0,356.1,0.1527,908.12,0.3894,572.74,0.2456,184.55,0.0791,310.8,0.1333
P00452,hyperscaler,wholesale_colo,Europe,France,Paris,2021,III,N+1,liquid_dtc,greenfield,80.9,9.0,764939.0,1.051,185.9,794.8,980.71,9.825,1039.0,9825.0,105.97,0.1333,334.45,0.4208,192.81,0.2426,57.47,0.0723,104.11,0.131
P00453,ai_cloud,wholesale_colo,MEA,UAE,Dubai,2021,III,N+1,air,greenfield,60.3,17.0,343679.0,1.091,43.91,445.37,489.28,7.386,1296.0,7386.0,70.49,0.1583,196.67,0.4416,85.04,0.191,35.59,0.0799,57.57,0.1293
P00454,hyperscaler,edge,Latin America,Chile,Santiago,2022,IV,2N,air,shell_fitout,4.3,13.0,28894.0,1.089,0.0,33.57,33.57,7.807,1162.0,7807.0,1.03,0.0306,16.53,0.4924,8.24,0.2453,2.57,0.0765,5.21,0.1553
P00455,colo_operator,hyperscale_ai,Europe,Ireland,Dublin,2026,II,N,hybrid_air_liquid,retrofit,285.4,44.0,1073536.0,1.004,0.0,2663.28,2663.28,9.332,2481.0,9332.0,185.21,0.0695,1206.89,0.4532,675.67,0.2537,234.85,0.0882,360.67,0.1354
P00456,colo_operator,wholesale_colo,Europe,Italy,Milan,2026,II,N,hybrid_air_liquid,greenfield,14.3,36.0,60051.0,1.087,9.26,130.58,139.83,9.131,2174.0,9131.0,19.05,0.1459,52.31,0.4006,30.05,0.2302,11.33,0.0867,17.83,0.1366
P00457,developer,retail_colo,North America,US,Columbus,2023,IV,2N,air,retrofit,2.3,12.0,15385.0,1.096,0.0,24.04,24.04,10.454,1563.0,10454.0,2.05,0.0851,11.14,0.4634,5.24,0.2179,2.05,0.0852,3.57,0.1484
P00458,colo_operator,retail_colo,Europe,Netherlands,Amsterdam,2025,IV,2N,hybrid_air_liquid,greenfield,2.1,5.0,29050.0,1.079,4.29,39.79,44.08,18.95,1370.0,18950.0,6.14,0.1542,17.07,0.4288,8.03,0.2018,3.41,0.0857,5.15,0.1295
P00459,ai_cloud,retail_colo,North America,US,Silicon Valley,2022,III,N+1,air,greenfield,12.9,11.0,94236.0,1.074,19.92,131.78,151.7,10.215,1398.0,10215.0,21.51,0.1632,56.47,0.4285,25.19,0.1912,10.11,0.0767,18.5,0.1404
P00460,enterprise,retail_colo,APAC,Australia,Melbourne,2023,III,N+1,air,retrofit,3.9,9.0,34481.0,1.06,0.0,44.03,44.03,11.291,1277.0,11291.0,3.57,0.081,19.97,0.4536,10.58,0.2403,3.71,0.0842,6.2,0.1408
P00461,developer,hyperscale_ai,North America,US,Atlanta,2026,III,N+1,hybrid_air_liquid,greenfield,38.1,54.0,124405.0,1.074,24.48,444.84,469.31,11.675,3576.0,11675.0,62.59,0.1407,194.26,0.4367,97.96,0.2202,33.17,0.0746,56.86,0.1278
P00462,colo_operator,hyperscale_cloud,MEA,South Africa,Johannesburg,2026,IV,2N,hybrid_air_liquid,retrofit,87.8,25.0,424775.0,1.077,0.0,691.52,691.52,7.876,1628.0,7876.0,51.49,0.0745,330.13,0.4774,160.29,0.2318,57.08,0.0825,92.54,0.1338
P00463,enterprise,hyperscale_cloud,North America,US,Silicon Valley,2024,IV,2N,air,greenfield,29.2,16.0,178495.0,1.012,45.25,379.5,424.75,12.997,2126.0,12997.0,55.28,0.1457,164.51,0.4335,77.57,0.2044,30.57,0.0806,51.58,0.1359
P00464,colo_operator,edge,North America,US,Salt Lake City,2025,III,N+1,liquid_dtc,greenfield,2.6,7.0,25125.0,1.023,1.33,42.33,43.66,16.282,1685.0,16282.0,6.07,0.1433,17.93,0.4235,8.78,0.2075,3.45,0.0816,6.1,0.1442
P00465,ai_cloud,hyperscale_cloud,North America,US,Northern Virginia,2023,II,N,liquid_dtc,greenfield,70.0,15.0,419535.0,1.079,31.82,536.71,568.53,7.667,1279.0,7667.0,79.15,0.1475,218.82,0.4077,135.14,0.2518,39.7,0.074,63.91,0.1191
P00466,ai_cloud,hyperscale_ai,APAC,South Korea,Seoul,2024,III,N+1,hybrid_air_liquid,greenfield,59.3,109.0,177741.0,1.037,117.28,858.64,975.93,14.48,4831.0,14480.0,131.23,0.1528,364.96,0.425,173.04,0.2015,69.12,0.0805,120.31,0.1401
P00467,hyperscaler,edge,Nordics,Sweden,Stockholm,2026,IV,2N,air,greenfield,0.3,15.0,1837.0,1.103,0.15,6.25,6.4,20.83,3401.0,20830.0,1.02,0.1629,2.67,0.4268,1.15,0.1842,0.54,0.0867,0.87,0.1394
P00468,hyperscaler,hyperscale_ai,Nordics,Sweden,Stockholm,2022,III,N+1,air,retrofit,33.8,85.0,114609.0,1.013,0.0,268.69,268.69,7.949,2344.0,7949.0,22.56,0.0839,127.55,0.4747,60.9,0.2267,21.37,0.0796,36.31,0.1351
P00469,enterprise,retail_colo,North America,US,Phoenix,2023,III,N+1,air,shell_fitout,1.3,7.0,14137.0,1.015,0.0,9.02,9.02,6.935,638.0,6935.0,0.28,0.0313,4.34,0.4809,2.33,0.2583,0.7,0.0775,1.37,0.152
P00470,colo_operator,edge,APAC,Japan,Osaka,2024,IV,2N,air,greenfield,1.7,12.0,12587.0,1.023,3.31,33.75,37.06,19.851,2681.0,19851.0,5.54,0.1641,13.98,0.4142,6.79,0.2011,2.8,0.0831,4.64,0.1374
P00471,colo_operator,edge,North America,US,Atlanta,2022,III,N+1,air,greenfield,2.7,15.0,17982.0,1.108,1.62,34.97,36.59,12.951,1945.0,12951.0,5.15,0.1473,14.97,0.4281,6.83,0.1954,3.09,0.0883,4.93,0.141
P00472,colo_operator,hyperscale_ai,Europe,Italy,Milan,2021,III,N+1,hybrid_air_liquid,greenfield,29.9,133.0,83757.0,1.007,17.65,284.99,302.64,9.532,3403.0,9532.0,46.72,0.1639,108.47,0.3806,67.87,0.2381,21.44,0.0752,40.49,0.1421
P00473,enterprise,hyperscale_cloud,Europe,France,Paris,2022,III,N+1,hybrid_air_liquid,retrofit,196.1,12.0,1403357.0,1.063,0.0,1445.43,1445.43,7.371,1030.0,7371.0,104.09,0.072,708.82,0.4904,327.34,0.2265,114.0,0.0789,191.19,0.1323
P00474,hyperscaler,retail_colo,APAC,India,Chennai,2023,IV,2N+1,air,greenfield,5.3,20.0,28965.0,1.069,0.95,46.94,47.89,8.856,1621.0,8856.0,7.38,0.1573,19.44,0.4141,10.13,0.2158,3.65,0.0778,6.34,0.1351
P00475,ai_cloud,retail_colo,APAC,Japan,Tokyo,2022,III,N+1,air,greenfield,7.3,12.0,51858.0,1.12,14.23,115.95,130.18,15.883,2236.0,15883.0,18.63,0.1607,48.71,0.4201,23.25,0.2006,8.38,0.0723,16.97,0.1463
P00476,enterprise,wholesale_colo,APAC,India,Mumbai,2023,IV,2N,hybrid_air_liquid,greenfield,68.7,28.0,303080.0,1.009,11.61,440.4,452.01,6.41,1453.0,6410.0,68.24,0.155,179.19,0.4069,96.72,0.2196,35.54,0.0807,60.7,0.1378
P00477,hyperscaler,hyperscale_ai,North America,US,Dallas-Fort Worth,2023,III,N+1,hybrid_air_liquid,shell_fitout,58.6,134.0,172013.0,1.004,0.0,397.31,397.31,6.78,2310.0,6780.0,7.93,0.02,188.07,0.4734,111.44,0.2805,33.47,0.0842,56.4,0.142
P00478,developer,retail_colo,MEA,Saudi Arabia,Riyadh,2026,III,N+1,hybrid_air_liquid,greenfield,1.6,13.0,11056.0,1.034,0.59,25.65,26.23,16.029,2320.0,16029.0,3.87,0.1511,10.55,0.4112,5.77,0.2248,1.97,0.0768,3.49,0.1361
P00479,colo_operator,wholesale_colo,North America,US,Salt Lake City,2022,IV,2N,liquid_dtc,greenfield,24.6,22.0,122302.0,1.06,17.93,273.78,291.71,11.129,2239.0,11129.0,37.49,0.1369,110.73,0.4045,63.58,0.2322,22.72,0.083,39.27,0.1434
P00480,ai_cloud,wholesale_colo,Nordics,Sweden,Stockholm,2026,III,N+1,air,greenfield,52.9,20.0,266977.0,1.107,36.55,534.38,570.93,10.102,2002.0,10102.0,83.42,0.1561,219.61,0.411,110.52,0.2068,43.11,0.0807,77.72,0.1454
P00481,colo_operator,retail_colo,Europe,UK,London,2025,IV,2N,air,greenfield,3.3,17.0,19147.0,1.018,7.62,57.08,64.7,17.298,2981.0,17298.0,9.26,0.1622,22.39,0.3923,12.65,0.2216,4.49,0.0787,8.29,0.1453
P00482,hyperscaler,hyperscale_ai,Latin America,Mexico,Querétaro,2025,II,N,hybrid_air_liquid,greenfield,121.6,106.0,360702.0,1.041,13.79,846.59,860.38,6.962,2347.0,6962.0,116.72,0.1379,358.33,0.4233,187.52,0.2215,72.47,0.0856,111.55,0.1318
P00483,colo_operator,retail_colo,North America,US,Salt Lake City,2025,III,N+1,air,greenfield,8.1,7.0,87117.0,1.081,3.1,96.46,99.57,11.909,1107.0,11909.0,16.94,0.1756,38.44,0.3985,19.53,0.2025,7.95,0.0824,13.59,0.1409
P00484,ai_cloud,edge,North America,US,Silicon Valley,2026,II,N,air,greenfield,3.6,14.0,23671.0,1.05,7.76,60.59,68.35,16.832,2560.0,16832.0,9.74,0.1607,25.07,0.4138,12.5,0.2062,4.37,0.072,8.92,0.1472
P00485,developer,wholesale_colo,APAC,Australia,Sydney,2023,IV,2N,air,greenfield,8.2,12.0,59095.0,1.103,3.67,109.92,113.59,13.405,1860.0,13405.0,19.07,0.1735,43.92,0.3995,22.37,0.2035,9.35,0.085,15.22,0.1385
P00486,colo_operator,wholesale_colo,APAC,Malaysia,Johor,2023,III,N+1,hybrid_air_liquid,greenfield,26.8,22.0,117726.0,1.017,2.58,197.34,199.92,7.364,1676.0,7364.0,26.39,0.1337,83.73,0.4243,43.31,0.2195,15.79,0.08,28.13,0.1425
P00487,enterprise,hyperscale_ai,Nordics,Finland,Helsinki,2024,III,N+1,liquid_dtc,greenfield,287.6,90.0,852015.0,1.009,173.02,2852.98,3026.0,9.92,3349.0,9920.0,403.53,0.1414,1156.13,0.4052,696.4,0.2441,232.77,0.0816,364.14,0.1276
P00488,colo_operator,retail_colo,APAC,Indonesia,Batam,2026,III,N+1,hybrid_air_liquid,greenfield,3.0,7.0,27081.0,1.059,0.49,28.78,29.27,9.594,1063.0,9594.0,4.21,0.1461,12.06,0.4191,6.41,0.2226,2.25,0.0781,3.86,0.134
P00489,ai_cloud,wholesale_colo,North America,US,Columbus,2025,III,N+1,air,greenfield,21.7,37.0,78625.0,1.105,9.74,202.08,211.82,9.312,2570.0,9312.0,34.5,0.1707,82.92,0.4103,41.04,0.2031,16.07,0.0795,27.55,0.1363
P00490,colo_operator,edge,Latin America,Brazil,São Paulo,2019,III,N+1,liquid_dtc,shell_fitout,2.7,7.0,25576.0,1.048,0.0,18.22,18.22,6.749,713.0,6749.0,0.19,0.0102,8.76,0.4808,5.38,0.2954,1.4,0.0766,2.5,0.1371
P00491,enterprise,hyperscale_ai,APAC,India,Chennai,2025,II,N,air,greenfield,83.3,130.0,240651.0,1.097,13.01,508.68,521.69,6.107,2114.0,6107.0,81.25,0.1597,208.98,0.4108,102.05,0.2006,42.77,0.0841,73.63,0.1447
P00492,colo_operator,wholesale_colo,North America,US,Chicago,2026,III,N+1,hybrid_air_liquid,retrofit,11.8,22.0,58735.0,1.065,0.0,129.0,129.0,10.932,2196.0,10932.0,8.96,0.0694,59.63,0.4623,32.39,0.2511,10.51,0.0815,17.5,0.1357
P00493,colo_operator,retail_colo,Latin America,Mexico,Querétaro,2026,III,N+1,hybrid_air_liquid,greenfield,18.5,8.0,181373.0,1.095,1.75,159.35,161.1,8.613,879.0,8613.0,23.04,0.1446,66.33,0.4163,34.33,0.2155,11.95,0.075,23.7,0.1487
P00494,colo_operator,wholesale_colo,APAC,Australia,Sydney,2024,III,N+1,air,greenfield,39.6,39.0,145120.0,1.008,23.15,386.35,409.5,9.756,2662.0,9756.0,63.3,0.1638,152.44,0.3946,80.08,0.2073,30.6,0.0792,59.93,0.1551
P00495,ai_cloud,hyperscale_ai,North America,US,Atlanta,2023,III,N+1,air,greenfield,34.5,42.0,140130.0,1.074,13.87,378.34,392.2,10.966,2700.0,10966.0,60.42,0.1597,158.36,0.4186,76.1,0.2011,27.97,0.0739,55.49,0.1467
P00496,colo_operator,hyperscale_ai,North America,US,Phoenix,2022,IV,2N,liquid_dtc,greenfield,38.2,92.0,126220.0,1.113,25.04,458.09,483.13,11.992,3629.0,11992.0,66.18,0.1445,186.04,0.4061,106.13,0.2317,38.31,0.0836,61.43,0.1341
P00497,ai_cloud,hyperscale_ai,North America,US,Atlanta,2026,IV,2N,liquid_dtc,greenfield,140.9,122.0,430489.0,1.017,96.05,2136.75,2232.8,15.165,4964.0,15165.0,282.41,0.1322,867.91,0.4062,522.07,0.2443,175.3,0.082,289.05,0.1353
P00498,hyperscaler,wholesale_colo,North America,US,Silicon Valley,2023,IV,2N,air,greenfield,59.0,13.0,412372.0,1.066,92.74,643.02,735.76,10.899,1559.0,10899.0,102.11,0.1588,269.49,0.4191,127.65,0.1985,55.08,0.0857,88.68,0.1379
P00499,colo_operator,wholesale_colo,APAC,India,Chennai,2020,III,N+1,hybrid_air_liquid,shell_fitout,64.3,39.0,231710.0,1.096,0.0,215.52,215.52,3.352,930.0,3352.0,4.47,0.0207,108.02,0.5012,52.39,0.2431,18.4,0.0854,32.25,0.1496
P00500,colo_operator,wholesale_colo,MEA,Saudi Arabia,Riyadh,2026,III,N+1,air,greenfield,7.7,28.0,35912.0,1.033,4.78,86.85,91.63,11.279,2418.0,11279.0,13.93,0.1604,35.95,0.4139,17.47,0.2012,6.92,0.0797,12.58,0.1448
P00501,hyperscaler,hyperscale_ai,North America,US,Silicon Valley,2024,III,N+1,liquid_dtc,greenfield,155.1,126.0,438634.0,1.107,275.72,2122.41,2398.12,13.684,4839.0,13684.0,259.06,0.1221,869.08,0.4095,532.57,0.2509,160.62,0.0757,301.08,0.1419
P00502,ai_cloud,hyperscale_ai,North America,US,Abilene,2025,III,N+2,liquid_dtc,greenfield,92.9,55.0,324144.0,1.033,38.15,1100.35,1138.5,11.844,3395.0,11844.0,158.79,0.1443,447.85,0.407,253.63,0.2305,87.26,0.0793,152.83,0.1389
P00503,colo_operator,hyperscale_cloud,Latin America,Chile,Santiago,2023,III,N+1,air,greenfield,42.4,26.0,175337.0,1.12,7.67,296.23,303.91,6.987,1690.0,6987.0,47.68,0.1609,127.12,0.4291,57.99,0.1958,21.74,0.0734,41.71,0.1408
P00504,ai_cloud,hyperscale_cloud,Europe,UK,London,2019,III,N+2,free_air_evap,greenfield,113.0,22.0,531210.0,1.055,150.46,954.68,1105.14,8.448,1797.0,8448.0,182.93,0.1916,381.56,0.3997,171.26,0.1794,87.65,0.0918,131.27,0.1375
P00505,colo_operator,wholesale_colo,Europe,Germany,Frankfurt,2023,IV,2N,free_air_evap,greenfield,16.8,12.0,123928.0,1.064,20.49,213.82,234.31,12.727,1725.0,12727.0,33.67,0.1575,96.88,0.4531,37.69,0.1763,16.62,0.0777,28.96,0.1354
P00506,developer,edge,North America,US,Chicago,2026,II,N,liquid_dtc,retrofit,3.3,9.0,25486.0,1.043,0.0,41.49,41.49,12.572,1628.0,12572.0,2.47,0.0594,19.02,0.4585,10.85,0.2615,3.43,0.0826,5.72,0.1379
P00507,ai_cloud,wholesale_colo,North America,US,Abilene,2024,IV,2N,hybrid_air_liquid,shell_fitout,20.7,9.0,157964.0,1.113,0.0,161.42,161.42,7.798,1022.0,7798.0,3.63,0.0225,74.27,0.4601,46.6,0.2887,13.87,0.0859,23.05,0.1428
P00508,hyperscaler,wholesale_colo,North America,US,Reno,2022,III,N+1,free_air_evap,shell_fitout,67.5,11.0,510145.0,1.112,0.0,367.51,367.51,5.445,720.0,5445.0,15.92,0.0433,185.66,0.5052,83.08,0.2261,30.71,0.0836,52.14,0.1419
P00509,colo_operator,hyperscale_ai,Europe,Germany,Frankfurt,2023,III,N+2,air,greenfield,111.3,104.0,388821.0,1.021,266.86,1454.97,1721.83,13.073,3742.0,13073.0,207.17,0.1424,630.05,0.433,287.29,0.1975,116.15,0.0798,214.31,0.1473
P00510,hyperscaler,edge,Europe,Netherlands,Amsterdam,2022,III,N+2,free_air_evap,greenfield,3.5,14.0,21973.0,1.059,8.28,45.42,53.7,12.977,2067.0,12977.0,7.78,0.1713,19.92,0.4386,7.49,0.1648,3.4,0.0749,6.83,0.1504
P00511,enterprise,wholesale_colo,Europe,UK,London,2025,IV,2N,liquid_dtc,shell_fitout,7.9,27.0,35826.0,1.019,0.0,83.15,83.15,10.526,2321.0,10526.0,0.86,0.0103,40.61,0.4884,23.15,0.2784,6.21,0.0747,12.32,0.1482
P00512,ai_cloud,wholesale_colo,APAC,Japan,Osaka,2020,III,N+1,air,greenfield,26.5,9.0,223106.0,1.008,45.27,221.21,266.48,8.348,992.0,8348.0,35.38,0.1599,96.84,0.4378,40.64,0.1837,15.56,0.0704,32.79,0.1482
P00513,colo_operator,retail_colo,Europe,France,Paris,2026,III,N+1,free_air_evap,greenfield,13.5,18.0,73679.0,1.053,31.97,184.12,216.1,13.639,2499.0,13639.0,31.78,0.1726,75.91,0.4123,33.82,0.1837,14.15,0.0769,28.46,0.1546
P00514,colo_operator,wholesale_colo,North America,US,Phoenix,2022,III,N+1,air,greenfield,23.1,26.0,110384.0,1.107,14.3,214.49,228.79,9.285,1943.0,9285.0,35.02,0.1633,88.56,0.4129,43.87,0.2045,17.0,0.0792,30.03,0.14
P00515,colo_operator,edge,North America,US,Dallas-Fort Worth,2026,IV,2N+1,air,greenfield,1.3,14.0,7080.0,1.031,0.8,25.96,26.76,19.966,3666.0,19966.0,4.64,0.1787,9.96,0.3838,5.61,0.216,2.06,0.0794,3.69,0.1422
P00516,enterprise,hyperscale_cloud,Europe,Germany,Frankfurt,2023,II,N,hybrid_air_liquid,greenfield,41.9,19.0,224978.0,1.006,94.67,368.31,462.97,8.79,1637.0,8790.0,53.4,0.145,158.84,0.4313,78.05,0.2119,29.37,0.0797,48.64,0.1321
P00517,hyperscaler,edge,APAC,Australia,Melbourne,2021,IV,2N,air,greenfield,2.6,11.0,20118.0,1.106,1.49,36.65,38.14,14.094,1822.0,14094.0,5.77,0.1576,15.05,0.4107,7.16,0.1953,3.34,0.0911,5.33,0.1453
P00518,colo_operator,wholesale_colo,North America,US,Silicon Valley,2026,II,N,air,greenfield,32.6,35.0,123790.0,1.002,64.61,326.38,391.0,10.012,2637.0,10012.0,54.74,0.1677,133.21,0.4081,62.43,0.1913,26.65,0.0817,49.35,0.1512
P00519,developer,hyperscale_ai,North America,US,Columbus,2026,II,N,liquid_dtc,retrofit,29.9,126.0,86571.0,1.086,0.0,305.22,305.22,10.208,3526.0,10208.0,18.49,0.0606,138.21,0.4528,81.09,0.2657,24.21,0.0793,43.22,0.1416
P00520,ai_cloud,retail_colo,North America,US,Northern Virginia,2026,IV,2N+1,air,greenfield,5.5,12.0,41390.0,1.007,3.96,88.64,92.6,16.117,2142.0,16117.0,13.31,0.1502,37.84,0.4268,18.37,0.2073,6.77,0.0764,12.35,0.1393
P00521,ai_cloud,edge,North America,US,Reno,2019,III,N+1,hybrid_air_liquid,shell_fitout,0.4,15.0,2624.0,1.011,0.0,3.13,3.13,7.834,1194.0,7834.0,0.06,0.0184,1.61,0.5138,0.8,0.2547,0.26,0.0829,0.41,0.1302
P00522,hyperscaler,retail_colo,APAC,Malaysia,Johor,2026,III,N+1,free_air_evap,shell_fitout,16.8,16.0,103595.0,1.069,0.0,88.61,88.61,5.274,855.0,5274.0,3.69,0.0416,43.59,0.492,19.78,0.2232,8.43,0.0951,13.13,0.1481
P00523,developer,retail_colo,North America,US,Columbus,2025,IV,2N,air,greenfield,4.1,9.0,36759.0,1.044,1.73,53.71,55.45,13.101,1461.0,13101.0,8.51,0.1584,22.32,0.4155,11.02,0.2051,4.64,0.0864,7.23,0.1346
P00524,ai_cloud,edge,APAC,Australia,Melbourne,2024,III,N+1,air,greenfield,0.7,14.0,4624.0,1.017,0.49,10.42,10.92,14.893,2254.0,14893.0,1.66,0.1596,4.29,0.4119,2.15,0.2064,0.85,0.0817,1.46,0.1403
P00525,hyperscaler,edge,APAC,Singapore,Singapore,2021,IV,2N,air,greenfield,0.4,9.0,3175.0,1.083,0.86,7.02,7.88,17.552,2211.0,17552.0,1.18,0.1679,3.01,0.4291,1.39,0.1975,0.55,0.079,0.89,0.1265
P00526,hyperscaler,edge,North America,US,Atlanta,2026,III,N+1,air,greenfield,0.4,5.0,5508.0,1.04,0.14,6.41,6.56,16.033,1164.0,16033.0,1.01,0.1568,2.61,0.4068,1.4,0.218,0.46,0.0717,0.94,0.1467
P00527,colo_operator,retail_colo,APAC,Japan,Tokyo,2021,III,N+1,hybrid_air_liquid,greenfield,3.6,20.0,17105.0,1.098,6.74,37.97,44.71,10.547,2220.0,10547.0,5.6,0.1475,15.6,0.411,8.3,0.2186,3.07,0.0808,5.4,0.1421
P00528,colo_operator,hyperscale_cloud,APAC,Malaysia,Johor,2026,III,N+1,free_air_evap,greenfield,107.5,27.0,483668.0,1.06,11.61,641.15,652.76,5.964,1326.0,5964.0,108.81,0.1697,280.69,0.4378,112.88,0.1761,43.98,0.0686,94.8,0.1479
P00529,colo_operator,wholesale_colo,APAC,Australia,Sydney,2021,IV,2N,free_air_evap,retrofit,50.8,26.0,256962.0,1.085,0.0,420.45,420.45,8.277,1636.0,8277.0,37.23,0.0886,208.97,0.497,81.39,0.1936,34.27,0.0815,58.58,0.1393
P00530,colo_operator,wholesale_colo,North America,US,Phoenix,2024,III,N+1,air,greenfield,76.5,36.0,339851.0,1.094,53.09,695.25,748.34,9.088,2046.0,9088.0,108.61,0.1562,289.48,0.4164,144.56,0.2079,55.41,0.0797,97.2,0.1398
P00531,hyperscaler,wholesale_colo,Europe,France,Paris,2026,IV,2N,liquid_dtc,greenfield,50.3,18.0,298299.0,1.025,65.47,693.43,758.9,13.786,2325.0,13786.0,99.25,0.1431,269.89,0.3892,164.48,0.2372,55.37,0.0798,104.44,0.1506
P00532,colo_operator,edge,Europe,Spain,Madrid,2021,III,N+1,air,greenfield,1.4,9.0,11810.0,1.044,0.65,14.25,14.9,10.177,1206.0,10177.0,2.25,0.1582,5.92,0.4155,2.91,0.2044,1.08,0.0761,2.08,0.1459
P00533,ai_cloud,wholesale_colo,North America,Canada,Toronto,2026,III,N+1,air,greenfield,81.8,15.0,533440.0,1.082,49.75,850.02,899.78,10.391,1593.0,10391.0,129.18,0.152,358.67,0.4219,174.06,0.2048,68.43,0.0805,119.68,0.1408
P00534,hyperscaler,wholesale_colo,North America,US,Northern Virginia,2025,II,N,air,greenfield,15.2,35.0,72759.0,1.041,8.61,131.79,140.4,8.67,1811.0,8670.0,19.74,0.1498,57.0,0.4325,27.39,0.2079,9.28,0.0704,18.38,0.1394
P00535,developer,hyperscale_ai,Europe,UK,London,2019,III,N+1,hybrid_air_liquid,greenfield,101.2,72.0,346567.0,1.104,180.98,1000.06,1181.03,9.882,2886.0,9882.0,156.87,0.1569,406.41,0.4064,219.52,0.2195,78.82,0.0788,138.43,0.1384
P00536,colo_operator,wholesale_colo,North America,US,Phoenix,2026,II,N,hybrid_air_liquid,shell_fitout,61.3,40.0,218164.0,1.022,0.0,391.2,391.2,6.382,1793.0,6382.0,8.18,0.0209,196.04,0.5011,103.45,0.2644,32.55,0.0832,50.98,0.1303
P00537,enterprise,wholesale_colo,North America,US,Reno,2024,III,N+1,free_air_evap,retrofit,75.4,12.0,574461.0,1.025,0.0,501.48,501.48,6.651,873.0,6651.0,49.35,0.0984,233.91,0.4664,105.09,0.2095,41.89,0.0835,71.25,0.1421
P00538,hyperscaler,edge,Latin America,Mexico,Querétaro,2024,III,N+1,air,retrofit,2.9,14.0,16192.0,1.091,0.0,26.52,26.52,9.144,1638.0,9144.0,2.16,0.0816,12.48,0.4707,5.71,0.2155,2.17,0.0817,3.99,0.1506
P00539,ai_cloud,retail_colo,North America,US,Northern Virginia,2025,IV,2N,air,greenfield,6.0,19.0,31274.0,1.113,4.0,99.21,103.21,16.535,3172.0,16535.0,16.36,0.1649,41.21,0.4154,20.67,0.2084,7.2,0.0726,13.76,0.1387
P00540,ai_cloud,edge,APAC,Australia,Sydney,2023,IV,2N+1,free_air_evap,greenfield,0.6,8.0,5507.0,1.086,0.31,11.75,12.07,19.586,2134.0,19586.0,2.0,0.1704,5.0,0.4254,2.07,0.1765,0.96,0.0814,1.72,0.1463
P00541,developer,retail_colo,APAC,Singapore,Singapore,2025,III,N+2,air,greenfield,1.5,14.0,10189.0,1.065,1.99,26.86,28.85,17.908,2636.0,17908.0,4.36,0.1624,10.91,0.4061,5.36,0.1997,2.29,0.0851,3.94,0.1468
P00542,colo_operator,hyperscale_ai,North America,US,Northern Virginia,2025,II,N,hybrid_air_liquid,retrofit,102.3,106.0,330664.0,1.003,0.0,789.35,789.35,7.716,2387.0,7716.0,55.2,0.0699,371.18,0.4702,187.55,0.2376,61.86,0.0784,113.57,0.1439
P00543,ai_cloud,hyperscale_ai,North America,US,Columbus,2025,III,N+1,immersion,greenfield,22.8,89.0,75815.0,1.114,11.03,309.92,320.95,13.593,4088.0,13593.0,39.56,0.1276,119.57,0.3858,83.43,0.2692,27.04,0.0872,40.32,0.1301
P00544,colo_operator,retail_colo,APAC,Japan,Osaka,2022,III,N+2,air,greenfield,1.1,16.0,6615.0,1.042,1.58,17.87,19.45,16.247,2702.0,16247.0,2.95,0.1649,7.64,0.4277,3.32,0.1859,1.5,0.0837,2.46,0.1379
P00545,hyperscaler,wholesale_colo,North America,US,Reno,2026,III,N+1,free_air_evap,greenfield,30.0,9.0,271464.0,1.004,12.69,259.16,271.85,8.639,955.0,8639.0,41.53,0.1602,115.07,0.444,45.16,0.1743,19.81,0.0765,37.59,0.145
P00546,colo_operator,retail_colo,Europe,Netherlands,Amsterdam,2022,III,N+1,air,shell_fitout,3.1,6.0,38039.0,1.054,0.0,25.26,25.26,8.149,664.0,8149.0,0.74,0.0294,12.31,0.4871,6.52,0.2581,2.21,0.0873,3.49,0.138
P00547,colo_operator,edge,MEA,Saudi Arabia,Riyadh,2022,III,N+1,liquid_dtc,greenfield,2.8,11.0,24691.0,1.074,1.86,41.48,43.34,14.814,1680.0,14814.0,5.54,0.1335,17.07,0.4115,9.87,0.238,3.19,0.0769,5.81,0.1401
P00548,hyperscaler,hyperscale_ai,APAC,Indonesia,Batam,2023,III,N+2,hybrid_air_liquid,greenfield,60.1,110.0,162456.0,1.034,7.69,587.78,595.48,9.78,3618.0,9780.0,92.21,0.1569,242.92,0.4133,128.51,0.2186,42.48,0.0723,81.66,0.1389
P00549,colo_operator,wholesale_colo,APAC,Singapore,Singapore,2024,IV,2N,liquid_dtc,retrofit,25.7,33.0,116630.0,1.024,0.0,324.63,324.63,12.631,2783.0,12631.0,18.78,0.0578,149.04,0.4591,85.35,0.2629,25.56,0.0787,45.91,0.1414
P00550,colo_operator,hyperscale_cloud,Latin America,Mexico,Querétaro,2022,IV,2N,air,retrofit,57.1,15.0,380617.0,1.092,0.0,358.87,358.87,6.285,943.0,6285.0,29.35,0.0818,172.29,0.4801,76.18,0.2123,28.22,0.0786,52.84,0.1472
P00551,developer,edge,Latin America,Chile,Santiago,2026,III,N+1,air,greenfield,1.0,5.0,11856.0,1.087,0.1,13.13,13.24,13.132,1108.0,13132.0,2.18,0.1661,4.92,0.3749,2.83,0.2151,1.18,0.0902,2.02,0.1536
P00552,enterprise,hyperscale_ai,APAC,Indonesia,Batam,2024,III,N+1,liquid_dtc,greenfield,66.7,50.0,222535.0,1.067,13.32,546.82,560.13,8.198,2457.0,8198.0,73.8,0.135,228.23,0.4174,124.82,0.2283,47.81,0.0874,72.17,0.132
P00553,hyperscaler,hyperscale_ai,APAC,Malaysia,Johor,2020,III,N+1,hybrid_air_liquid,greenfield,75.9,62.0,258895.0,1.092,12.65,574.76,587.42,7.573,2220.0,7573.0,87.58,0.1524,243.07,0.4229,117.1,0.2037,48.83,0.085,78.18,0.136
P00554,hyperscaler,retail_colo,APAC,Malaysia,Johor,2020,III,N+1,free_air_evap,greenfield,9.2,7.0,91187.0,1.104,0.96,68.31,69.27,7.425,749.0,7425.0,12.91,0.189,28.25,0.4135,11.35,0.1662,5.6,0.082,10.2,0.1494
P00555,colo_operator,hyperscale_ai,APAC,Japan,Osaka,2025,III,N+1,liquid_dtc,greenfield,56.7,78.0,176850.0,1.02,71.52,867.8,939.32,15.305,4907.0,15305.0,120.61,0.139,358.42,0.413,199.22,0.2296,67.82,0.0782,121.73,0.1403
P00556,colo_operator,hyperscale_ai,APAC,Australia,Sydney,2025,III,N+1,hybrid_air_liquid,greenfield,265.1,116.0,704293.0,1.108,127.29,3319.0,3446.29,12.52,4713.0,12520.0,513.34,0.1547,1405.98,0.4236,693.51,0.209,252.3,0.076,453.86,0.1367
P00557,ai_cloud,hyperscale_ai,North America,US,Chicago,2023,III,N+2,air,greenfield,295.1,120.0,832928.0,1.039,194.7,3058.66,3253.36,10.365,3672.0,10365.0,494.6,0.1617,1293.83,0.423,651.3,0.2129,251.45,0.0822,367.49,0.1201
P00558,hyperscaler,hyperscale_ai,APAC,Japan,Osaka,2025,III,N+2,hybrid_air_liquid,greenfield,86.1,121.0,263342.0,1.078,162.96,1399.56,1562.52,16.255,5315.0,16255.0,203.97,0.1457,585.65,0.4185,291.67,0.2084,112.99,0.0807,205.27,0.1467
P00559,hyperscaler,retail_colo,APAC,Japan,Osaka,2023,IV,2N+1,air,greenfield,4.0,9.0,35250.0,1.09,5.69,64.9,70.59,16.224,1841.0,16224.0,10.49,0.1617,27.55,0.4245,12.73,0.1962,5.26,0.081,8.86,0.1365
P00560,developer,hyperscale_ai,North America,US,Abilene,2023,III,N+1,liquid_dtc,greenfield,146.5,64.0,495201.0,1.017,83.97,1449.67,1533.64,9.895,2927.0,9895.0,199.62,0.1377,602.3,0.4155,321.73,0.2219,123.01,0.0849,203.01,0.14
P00561,ai_cloud,wholesale_colo,North America,US,Columbus,2021,III,N+1,air,retrofit,29.5,13.0,177292.0,1.079,0.0,231.82,231.82,7.858,1308.0,7858.0,18.33,0.0791,111.45,0.4807,52.67,0.2272,19.41,0.0837,29.97,0.1293
P00562,ai_cloud,wholesale_colo,North America,US,Columbus,2020,II,N,liquid_dtc,greenfield,9.0,24.0,43237.0,1.034,4.13,60.47,64.61,6.719,1399.0,6719.0,8.85,0.1464,23.8,0.3935,13.87,0.2294,5.11,0.0845,8.84,0.1462
P00563,ai_cloud,wholesale_colo,Latin America,Brazil,São Paulo,2026,IV,2N+1,air,shell_fitout,11.3,15.0,73454.0,1.076,0.0,95.96,95.96,8.492,1306.0,8492.0,2.87,0.0299,45.41,0.4732,25.7,0.2678,8.31,0.0866,13.68,0.1426
P00564,ai_cloud,retail_colo,North America,US,Atlanta,2025,III,N+1,air,greenfield,13.3,15.0,85111.0,1.103,9.16,150.7,159.86,11.331,1771.0,11331.0,24.02,0.1594,61.02,0.4049,32.05,0.2127,12.5,0.0829,21.11,0.1401
P00565,developer,retail_colo,North America,Canada,Toronto,2023,IV,2N,free_air_evap,greenfield,1.1,18.0,6305.0,1.03,0.4,15.33,15.72,13.933,2431.0,13933.0,2.45,0.1597,6.54,0.4267,2.59,0.1689,1.32,0.0864,2.43,0.1583
P00566,colo_operator,hyperscale_ai,Nordics,Iceland,Reykjavik,2024,III,N+1,liquid_dtc,greenfield,51.5,93.0,170649.0,1.07,37.75,566.13,603.88,10.993,3318.0,10993.0,74.77,0.1321,217.84,0.3848,139.69,0.2467,48.78,0.0862,85.05,0.1502
P00567,hyperscaler,wholesale_colo,North America,US,Atlanta,2023,III,N+2,liquid_dtc,greenfield,28.0,39.0,101794.0,1.014,17.69,305.93,323.62,10.926,3005.0,10926.0,46.7,0.1526,126.18,0.4125,68.32,0.2233,23.14,0.0756,41.59,0.1359
P00568,colo_operator,wholesale_colo,North America,US,Silicon Valley,2026,IV,2N,air,greenfield,7.1,38.0,27091.0,1.015,12.54,118.56,131.1,16.699,4376.0,16699.0,17.94,0.1513,52.25,0.4407,24.04,0.2027,8.72,0.0735,15.61,0.1317
P00569,ai_cloud,edge,APAC,Indonesia,Batam,2026,III,N+1,air,greenfield,1.3,12.0,9663.0,1.108,0.13,14.87,14.99,11.437,1539.0,11437.0,2.36,0.159,6.24,0.4199,3.02,0.2034,1.17,0.079,2.06,0.1388
P00570,ai_cloud,hyperscale_ai,North America,US,Columbus,2023,III,N+1,liquid_dtc,greenfield,22.6,49.0,79496.0,1.006,10.76,258.2,268.96,11.425,3248.0,11425.0,35.85,0.1389,110.0,0.426,60.36,0.2338,19.49,0.0755,32.5,0.1259
P00571,enterprise,wholesale_colo,Nordics,Sweden,Stockholm,2024,III,N+1,liquid_dtc,shell_fitout,64.4,20.0,351724.0,1.018,0.0,437.99,437.99,6.801,1245.0,6801.0,4.8,0.011,219.35,0.5008,116.47,0.2659,34.64,0.0791,62.73,0.1432
P00572,developer,hyperscale_cloud,Latin America,Brazil,São Paulo,2021,II,N,air,greenfield,33.7,16.0,204346.0,1.051,4.0,217.38,221.38,6.45,1064.0,6450.0,37.53,0.1726,85.8,0.3947,46.64,0.2146,17.53,0.0806,29.87,0.1374
P00573,colo_operator,edge,MEA,UAE,Dubai,2022,III,N+1,air,greenfield,1.4,6.0,15856.0,1.02,0.5,18.3,18.8,13.068,1154.0,13068.0,3.26,0.1784,7.25,0.3961,3.73,0.204,1.56,0.0851,2.5,0.1364
P00574,hyperscaler,wholesale_colo,Europe,France,Paris,2025,IV,2N,hybrid_air_liquid,greenfield,73.4,11.0,513020.0,1.048,135.67,933.34,1069.01,12.716,1819.0,12716.0,137.25,0.1471,395.03,0.4232,185.45,0.1987,75.56,0.081,140.05,0.15
P00575,hyperscaler,hyperscale_ai,Europe,Italy,Milan,2021,IV,2N,liquid_dtc,shell_fitout,55.5,106.0,178531.0,1.047,0.0,445.38,445.38,8.025,2495.0,8025.0,4.48,0.0101,223.08,0.5009,120.31,0.2701,35.3,0.0793,62.21,0.1397
P00576,colo_operator,retail_colo,APAC,Australia,Melbourne,2023,III,N+1,air,greenfield,15.5,14.0,92544.0,1.085,7.25,192.12,199.37,12.395,2076.0,12395.0,29.03,0.1511,78.22,0.4071,41.61,0.2166,16.07,0.0836,27.19,0.1415
P00577,ai_cloud,hyperscale_ai,APAC,Australia,Sydney,2019,III,N+1,hybrid_air_liquid,shell_fitout,214.5,88.0,674788.0,1.097,0.0,1263.87,1263.87,5.892,1873.0,5892.0,27.62,0.0219,599.57,0.4744,331.84,0.2626,104.66,0.0828,200.19,0.1584
P00578,ai_cloud,hyperscale_ai,North America,US,Dallas-Fort Worth,2021,IV,2N,hybrid_air_liquid,greenfield,122.9,113.0,387013.0,1.008,75.65,1297.53,1373.18,10.558,3353.0,10558.0,197.77,0.1524,517.2,0.3986,301.97,0.2327,98.73,0.0761,181.86,0.1402
P00579,ai_cloud,retail_colo,North America,US,Abilene,2025,IV,2N,free_air_evap,greenfield,4.5,11.0,38293.0,1.078,2.44,63.75,66.19,14.166,1665.0,14166.0,10.53,0.1651,27.1,0.425,11.74,0.1841,5.09,0.0798,9.3,0.1459
P00580,developer,hyperscale_ai,Europe,Italy,Milan,2026,III,N+2,liquid_dtc,greenfield,123.9,135.0,384897.0,1.082,82.41,2033.54,2115.95,16.413,5283.0,16413.0,272.19,0.1339,840.2,0.4132,489.06,0.2405,145.58,0.0716,286.5,0.1409
P00581,colo_operator,hyperscale_ai,North America,US,Dallas-Fort Worth,2024,II,N,liquid_dtc,greenfield,44.0,47.0,173662.0,1.046,22.6,428.48,451.08,9.738,2467.0,9738.0,58.87,0.1374,164.36,0.3836,110.05,0.2568,34.63,0.0808,60.56,0.1413
P00582,colo_operator,wholesale_colo,MEA,South Africa,Johannesburg,2025,III,N+2,liquid_dtc,retrofit,52.3,28.0,244882.0,1.109,0.0,437.01,437.01,8.356,1785.0,8356.0,25.51,0.0584,196.64,0.45,112.88,0.2583,39.86,0.0912,62.13,0.1422
P00583,enterprise,wholesale_colo,Europe,UK,London,2021,III,N+1,air,greenfield,20.7,36.0,78274.0,1.065,33.4,186.43,219.83,9.006,2382.0,9006.0,32.05,0.1719,74.8,0.4013,38.56,0.2069,15.39,0.0826,25.61,0.1374
P00584,hyperscaler,hyperscale_ai,Europe,Netherlands,Amsterdam,2023,III,N+1,hybrid_air_liquid,retrofit,234.6,43.0,970364.0,1.02,0.0,2348.44,2348.44,10.01,2420.0,10010.0,163.69,0.0697,1110.09,0.4727,555.8,0.2367,194.55,0.0828,324.3,0.1381
P00585,colo_operator,hyperscale_ai,Europe,Italy,Milan,2024,III,N+1,immersion,retrofit,295.9,138.0,893371.0,1.088,0.0,2406.14,2406.14,8.132,2693.0,8132.0,131.76,0.0548,1049.61,0.4362,706.22,0.2935,203.62,0.0846,314.94,0.1309
P00586,colo_operator,retail_colo,Nordics,Iceland,Reykjavik,2021,III,N+1,air,greenfield,5.6,10.0,38880.0,1.111,3.04,62.7,65.74,11.196,1613.0,11196.0,10.28,0.1639,25.99,0.4146,12.81,0.2043,4.62,0.0736,9.01,0.1436
P00587,hyperscaler,retail_colo,APAC,India,Mumbai,2026,III,N+2,air,greenfield,7.2,15.0,46724.0,1.033,1.35,56.2,57.54,7.805,1203.0,7805.0,9.93,0.1767,22.26,0.3961,11.16,0.1987,4.46,0.0793,8.38,0.1492
P00588,ai_cloud,retail_colo,APAC,India,Mumbai,2024,III,N+2,air,greenfield,2.8,17.0,15959.0,1.089,0.39,23.57,23.96,8.418,1477.0,8418.0,3.87,0.1644,9.76,0.4141,4.52,0.1917,1.77,0.075,3.65,0.1548
P00589,colo_operator,hyperscale_ai,North America,US,Columbus,2023,III,N+1,liquid_dtc,retrofit,151.6,116.0,431130.0,1.11,0.0,1215.69,1215.69,8.019,2820.0,8019.0,72.31,0.0595,523.04,0.4302,348.56,0.2867,100.98,0.0831,170.8,0.1405
P00590,colo_operator,retail_colo,APAC,South Korea,Seoul,2024,IV,2N,air,greenfield,1.7,15.0,11044.0,1.022,2.67,28.08,30.75,16.517,2542.0,16517.0,4.27,0.1519,12.2,0.4344,5.59,0.1992,2.1,0.0746,3.93,0.1398
P00591,developer,wholesale_colo,APAC,South Korea,Seoul,2020,IV,2N+1,air,retrofit,9.1,9.0,79613.0,1.102,0.0,85.85,85.85,9.434,1078.0,9434.0,6.6,0.0769,40.49,0.4716,18.54,0.216,7.07,0.0824,13.14,0.1531
P00592,developer,hyperscale_cloud,Nordics,Finland,Helsinki,2026,IV,2N,hybrid_air_liquid,greenfield,96.4,23.0,482031.0,1.032,46.06,1076.43,1122.49,11.166,2233.0,11166.0,156.72,0.1456,433.53,0.4027,251.13,0.2333,83.44,0.0775,151.62,0.1409
P00593,enterprise,wholesale_colo,Europe,Netherlands,Amsterdam,2021,III,N+1,free_air_evap,greenfield,7.3,38.0,28411.0,1.03,14.57,65.46,80.03,8.967,2304.0,8967.0,10.17,0.1553,29.06,0.4439,11.75,0.1794,5.38,0.0822,9.11,0.1391
P00594,hyperscaler,retail_colo,Europe,France,Paris,2024,IV,2N,air,retrofit,1.8,10.0,13546.0,1.088,0.0,29.21,29.21,16.225,2156.0,16225.0,2.41,0.0826,13.31,0.4558,7.01,0.2399,2.38,0.0817,4.09,0.1401
P00595,colo_operator,retail_colo,North America,US,Northern Virginia,2023,III,N+1,air,retrofit,6.0,9.0,49684.0,1.017,0.0,54.04,54.04,9.007,1088.0,9007.0,4.55,0.0841,25.58,0.4734,11.45,0.2118,4.69,0.0868,7.78,0.1439
P00596,ai_cloud,retail_colo,Nordics,Iceland,Reykjavik,2024,III,N+1,air,shell_fitout,14.5,18.0,81684.0,1.084,0.0,113.12,113.12,7.801,1385.0,7801.0,3.26,0.0289,58.02,0.5129,27.65,0.2444,8.95,0.0791,15.24,0.1347
P00597,colo_operator,wholesale_colo,Europe,Spain,Madrid,2020,III,N+1,hybrid_air_liquid,greenfield,7.5,36.0,33142.0,1.009,3.34,59.33,62.67,7.91,1790.0,7910.0,8.7,0.1467,24.6,0.4147,12.36,0.2084,4.94,0.0833,8.72,0.147
P00598,colo_operator,hyperscale_ai,APAC,India,Chennai,2023,III,N+1,hybrid_air_liquid,greenfield,104.5,73.0,339642.0,1.019,16.28,686.48,702.76,6.569,2021.0,6569.0,101.21,0.1474,291.86,0.4252,146.25,0.213,54.15,0.0789,93.02,0.1355
P00599,hyperscaler,hyperscale_cloud,North America,US,Silicon Valley,2022,III,N+1,free_air_evap,greenfield,85.0,19.0,435573.0,1.089,187.51,849.15,1036.66,9.99,1949.0,9990.0,139.72,0.1645,365.39,0.4303,151.48,0.1784,78.99,0.093,113.57,0.1337
P00600,hyperscaler,hyperscale_ai,APAC,South Korea,Seoul,2026,IV,2N,hybrid_air_liquid,greenfield,22.7,44.0,77409.0,1.105,48.28,431.93,480.21,19.028,5580.0,19028.0,61.22,0.1417,174.07,0.403,92.0,0.213,36.86,0.0853,67.79,0.1569
P00601,ai_cloud,hyperscale_ai,Nordics,Sweden,Stockholm,2021,II,N,liquid_dtc,greenfield,51.1,80.0,161889.0,1.001,20.13,366.98,387.11,7.182,2267.0,7182.0,45.92,0.1251,151.1,0.4117,91.52,0.2494,28.13,0.0766,50.31,0.1371
P00602,hyperscaler,wholesale_colo,North America,US,Salt Lake City,2024,IV,2N,air,shell_fitout,34.4,40.0,116806.0,1.115,0.0,232.44,232.44,6.757,1990.0,6757.0,7.02,0.0302,113.46,0.4881,58.5,0.2517,20.35,0.0876,33.1,0.1424
P00603,enterprise,retail_colo,Europe,Netherlands,Amsterdam,2025,III,N+1,air,retrofit,6.2,7.0,64676.0,1.117,0.0,70.82,70.82,11.422,1095.0,11422.0,5.97,0.0843,33.02,0.4662,15.79,0.223,5.51,0.0778,10.53,0.1487
P00604,ai_cloud,wholesale_colo,North America,US,Columbus,2026,III,N+2,air,greenfield,22.0,11.0,165043.0,1.115,11.69,258.16,269.85,11.735,1564.0,11735.0,40.94,0.1586,107.51,0.4164,53.7,0.208,19.08,0.0739,36.94,0.1431
P00605,developer,hyperscale_ai,North America,US,Reno,2023,II,N,liquid_dtc,greenfield,29.9,138.0,94173.0,1.086,19.22,286.08,305.3,9.568,3038.0,9568.0,40.65,0.1421,109.43,0.3825,70.37,0.246,23.45,0.082,42.17,0.1474
P00606,colo_operator,hyperscale_ai,North America,US,Chicago,2023,IV,2N,hybrid_air_liquid,greenfield,158.5,47.0,576883.0,1.001,96.4,1759.29,1855.69,11.1,3050.0,11100.0,252.63,0.1436,762.21,0.4332,383.71,0.2181,127.14,0.0723,233.61,0.1328
P00607,enterprise,hyperscale_ai,APAC,Japan,Osaka,2025,IV,2N,liquid_dtc,greenfield,77.9,121.0,229873.0,1.078,177.6,1605.15,1782.75,20.605,6983.0,20605.0,231.59,0.1443,649.06,0.4044,383.32,0.2388,126.86,0.079,214.32,0.1335
P00608,colo_operator,edge,Latin America,Chile,Santiago,2024,III,N+1,hybrid_air_liquid,retrofit,1.5,7.0,15650.0,1.09,0.0,17.19,17.19,11.458,1098.0,11458.0,1.2,0.0696,8.19,0.4766,3.89,0.2266,1.45,0.0842,2.46,0.143
P00609,colo_operator,retail_colo,Europe,Germany,Frankfurt,2026,III,N+1,hybrid_air_liquid,greenfield,20.5,12.0,144085.0,1.054,49.49,284.33,333.82,13.87,1973.0,13870.0,43.86,0.1543,115.06,0.4047,63.82,0.2245,22.2,0.0781,39.39,0.1385
P00610,developer,edge,North America,US,Silicon Valley,2025,III,N+1,hybrid_air_liquid,retrofit,0.7,14.0,4436.0,1.044,0.0,10.6,10.6,15.147,2390.0,15147.0,0.8,0.0753,5.02,0.4737,2.39,0.2254,0.87,0.082,1.52,0.1436
P00611,ai_cloud,edge,North America,US,Chicago,2024,III,N+1,liquid_dtc,retrofit,1.4,11.0,11674.0,1.042,0.0,15.26,15.26,10.899,1307.0,10899.0,0.88,0.0577,7.01,0.4592,4.27,0.28,1.11,0.0728,1.99,0.1303
P00612,ai_cloud,hyperscale_cloud,MEA,UAE,Dubai,2019,III,N+1,air,greenfield,41.8,15.0,278476.0,1.109,25.08,308.59,333.68,7.383,1108.0,7383.0,53.0,0.1717,121.7,0.3944,62.26,0.2017,26.42,0.0856,45.22,0.1465
P00613,colo_operator,hyperscale_cloud,North America,US,Chicago,2023,III,N+1,hybrid_air_liquid,shell_fitout,122.2,24.0,535273.0,1.06,0.0,786.81,786.81,6.439,1470.0,6439.0,16.17,0.0205,369.1,0.4691,208.0,0.2644,77.84,0.0989,115.7,0.1471
P00614,ai_cloud,wholesale_colo,MEA,Saudi Arabia,Riyadh,2025,III,N+2,air,retrofit,76.8,18.0,461779.0,1.087,0.0,696.53,696.53,9.069,1508.0,9069.0,51.06,0.0733,337.23,0.4842,143.19,0.2056,58.26,0.0836,106.79,0.1533
P00615,ai_cloud,hyperscale_cloud,North America,US,Northern Virginia,2020,IV,2N,air,greenfield,33.7,25.0,151736.0,1.096,14.49,313.83,328.33,9.312,2068.0,9312.0,51.77,0.1649,131.1,0.4178,65.51,0.2087,23.33,0.0744,42.12,0.1342
P00616,ai_cloud,retail_colo,Europe,UK,London,2019,IV,2N,free_air_evap,greenfield,16.5,17.0,95980.0,1.036,39.1,202.13,241.23,12.25,2106.0,12250.0,35.41,0.1752,81.8,0.4047,37.49,0.1855,18.04,0.0893,29.38,0.1454
P00617,hyperscaler,hyperscale_ai,North America,US,Phoenix,2025,II,N,liquid_dtc,retrofit,23.3,42.0,86774.0,1.094,0.0,230.84,230.84,9.907,2660.0,9907.0,13.9,0.0602,106.84,0.4628,56.69,0.2456,19.68,0.0852,33.74,0.1461
P00618,developer,wholesale_colo,North America,US,Salt Lake City,2024,IV,2N+1,air,retrofit,11.8,27.0,56772.0,1.06,0.0,129.75,129.75,10.996,2286.0,10996.0,10.72,0.0826,63.16,0.4868,27.79,0.2142,10.99,0.0847,17.09,0.1317
P00619,developer,hyperscale_ai,Nordics,Norway,Oslo,2025,II,N,air,greenfield,96.9,89.0,335911.0,1.038,46.73,1020.91,1067.64,10.536,3039.0,10536.0,167.45,0.164,427.74,0.419,199.67,0.1956,83.37,0.0817,142.67,0.1397
P00620,ai_cloud,hyperscale_cloud,APAC,Indonesia,Batam,2026,III,N+1,air,greenfield,169.2,22.0,800061.0,1.079,31.55,1084.45,1116.0,6.409,1355.0,6409.0,173.65,0.1601,456.51,0.421,232.95,0.2148,83.24,0.0768,138.1,0.1273
P00621,colo_operator,hyperscale_ai,North America,US,Silicon Valley,2023,III,N+1,immersion,greenfield,145.9,86.0,445644.0,1.06,181.07,1843.93,2024.99,12.638,4138.0,12638.0,248.82,0.1349,704.26,0.3819,488.33,0.2648,140.67,0.0763,261.85,0.142
P00622,developer,wholesale_colo,North America,US,Dallas-Fort Worth,2026,III,N+1,air,greenfield,12.3,18.0,60825.0,1.1,4.78,128.36,133.14,10.436,2110.0,10436.0,18.16,0.1414,53.9,0.4199,28.35,0.2208,9.71,0.0757,18.25,0.1421
P00623,developer,wholesale_colo,Europe,France,Paris,2026,III,N+1,hybrid_air_liquid,shell_fitout,10.7,23.0,58287.0,1.024,0.0,77.92,77.92,7.282,1337.0,7282.0,1.54,0.0198,38.43,0.4933,20.46,0.2626,6.88,0.0883,10.59,0.136
P00624,ai_cloud,hyperscale_cloud,MEA,Saudi Arabia,Riyadh,2021,III,N+1,liquid_dtc,greenfield,158.3,18.0,845233.0,1.094,110.75,1341.71,1452.46,8.476,1587.0,8476.0,185.23,0.1381,535.54,0.3992,324.01,0.2415,103.0,0.0768,193.93,0.1445
P00625,colo_operator,wholesale_colo,Europe,Italy,Milan,2023,IV,2N,air,greenfield,10.0,23.0,53566.0,1.106,5.23,104.82,110.06,10.482,1957.0,10482.0,15.64,0.1492,45.99,0.4387,20.93,0.1997,8.8,0.084,13.46,0.1284
P00626,colo_operator,hyperscale_ai,North America,US,Silicon Valley,2025,III,N+1,liquid_dtc,greenfield,105.9,75.0,337575.0,1.104,187.53,1515.53,1703.05,14.311,4489.0,14311.0,214.27,0.1414,605.1,0.3993,348.74,0.2301,121.84,0.0804,225.58,0.1488
P00627,hyperscaler,wholesale_colo,Europe,Netherlands,Amsterdam,2023,II,N,air,shell_fitout,50.1,16.0,318909.0,1.042,0.0,301.79,301.79,6.024,946.0,6024.0,8.25,0.0273,150.33,0.4981,73.44,0.2433,23.38,0.0775,46.39,0.1537
P00628,colo_operator,wholesale_colo,APAC,India,Chennai,2024,III,N+2,hybrid_air_liquid,greenfield,12.9,16.0,73873.0,1.097,1.39,106.89,108.28,8.286,1447.0,8286.0,14.77,0.1381,45.47,0.4253,22.23,0.208,8.72,0.0815,15.71,0.147
P00629,ai_cloud,hyperscale_ai,APAC,Japan,Tokyo,2022,III,N+1,air,greenfield,123.4,97.0,373450.0,1.045,249.28,1380.11,1629.4,11.184,3696.0,11184.0,210.09,0.1522,576.3,0.4176,280.03,0.2029,112.05,0.0812,201.65,0.1461
P00630,colo_operator,hyperscale_cloud,North America,US,Salt Lake City,2024,III,N+1,air,greenfield,26.6,21.0,146840.0,1.021,19.62,227.34,246.96,8.547,1548.0,8547.0,36.16,0.159,98.66,0.434,46.06,0.2026,18.88,0.083,27.59,0.1214
P00631,ai_cloud,hyperscale_ai,Latin America,Brazil,São Paulo,2022,III,N+1,air,greenfield,163.8,113.0,535696.0,1.109,20.38,1491.72,1512.09,9.107,2785.0,9107.0,229.95,0.1541,608.07,0.4076,317.07,0.2126,122.11,0.0819,214.52,0.1438
P00632,ai_cloud,wholesale_colo,Europe,Ireland,Dublin,2024,IV,2N,air,greenfield,24.5,14.0,153369.0,1.092,12.54,344.91,357.45,14.078,2249.0,14078.0,56.83,0.1648,144.97,0.4203,66.6,0.1931,28.09,0.0814,48.42,0.1404
P00633,colo_operator,hyperscale_ai,North America,US,Salt Lake City,2025,III,N+1,air,retrofit,34.4,41.0,131522.0,1.05,0.0,344.66,344.66,10.019,2621.0,10019.0,27.69,0.0803,168.72,0.4895,72.91,0.2115,27.1,0.0786,48.24,0.14
P00634,colo_operator,edge,MEA,South Africa,Johannesburg,2025,III,N+2,liquid_dtc,greenfield,2.9,7.0,31604.0,1.082,0.36,41.03,41.38,14.147,1298.0,14147.0,6.06,0.1478,16.18,0.3945,9.74,0.2373,3.28,0.0799,5.76,0.1405
P00635,colo_operator,hyperscale_cloud,Nordics,Iceland,Reykjavik,2023,III,N+2,air,greenfield,46.5,12.0,339618.0,1.04,18.97,427.08,446.05,9.184,1258.0,9184.0,70.89,0.166,179.22,0.4197,86.19,0.2018,35.25,0.0825,55.53,0.13
P00636,ai_cloud,hyperscale_ai,Europe,Ireland,Dublin,2020,II,N,hybrid_air_liquid,shell_fitout,23.7,97.0,71697.0,1.017,0.0,139.42,139.42,5.883,1945.0,5883.0,2.85,0.0204,70.52,0.5058,35.91,0.2576,10.86,0.0779,19.28,0.1383
P00637,ai_cloud,hyperscale_ai,Europe,Ireland,Dublin,2026,II,N,immersion,retrofit,29.8,76.0,96687.0,1.078,0.0,401.61,401.61,13.477,4154.0,13477.0,20.02,0.0499,172.53,0.4296,119.72,0.2981,32.94,0.082,56.4,0.1404
P00638,colo_operator,edge,North America,US,Phoenix,2024,III,N+1,free_air_evap,greenfield,2.7,12.0,17941.0,1.1,1.8,35.13,36.93,13.012,1958.0,13012.0,5.67,0.1614,15.71,0.4471,6.09,0.1733,2.68,0.0762,4.99,0.142
P00639,ai_cloud,hyperscale_ai,Europe,UK,London,2024,II,N,liquid_dtc,shell_fitout,54.1,134.0,152510.0,1.098,0.0,455.5,455.5,8.42,2987.0,8420.0,4.78,0.0105,224.57,0.493,127.48,0.2799,37.91,0.0832,60.75,0.1334
P00640,colo_operator,wholesale_colo,APAC,Malaysia,Johor,2026,III,N+1,air,greenfield,17.2,25.0,78570.0,1.117,3.38,143.13,146.5,8.321,1822.0,8321.0,24.67,0.1724,58.68,0.41,28.28,0.1976,11.43,0.0799,20.07,0.1402
P00641,enterprise,edge,Latin America,Mexico,Querétaro,2025,IV,2N,air,greenfield,2.6,12.0,18117.0,1.039,0.38,34.46,34.84,13.254,1902.0,13254.0,5.99,0.1739,14.01,0.4066,6.66,0.1933,2.92,0.0848,4.87,0.1414
P00642,colo_operator,retail_colo,North America,US,Northern Virginia,2023,III,N+1,air,greenfield,1.8,17.0,10047.0,1.028,1.09,21.55,22.63,11.971,2145.0,11971.0,3.15,0.146,9.31,0.432,4.51,0.2095,1.59,0.0737,2.99,0.1388
P00643,hyperscaler,hyperscale_ai,MEA,Saudi Arabia,Riyadh,2020,III,N+1,hybrid_air_liquid,retrofit,262.9,136.0,762637.0,1.097,0.0,2021.94,2021.94,7.691,2651.0,7691.0,131.36,0.065,987.03,0.4882,462.58,0.2288,154.01,0.0762,286.95,0.1419
P00644,ai_cloud,hyperscale_cloud,APAC,Australia,Sydney,2026,III,N+1,air,greenfield,27.3,21.0,139851.0,1.052,11.93,295.94,307.87,10.84,2116.0,10840.0,46.51,0.1572,124.65,0.4212,61.03,0.2062,23.57,0.0797,40.17,0.1357
P00645,hyperscaler,hyperscale_cloud,APAC,Australia,Melbourne,2025,IV,2N,air,greenfield,50.9,12.0,335366.0,1.107,31.96,551.47,583.43,10.834,1644.0,10834.0,86.36,0.1566,229.24,0.4157,114.6,0.2078,41.11,0.0746,80.15,0.1453
P00646,developer,wholesale_colo,North America,US,Silicon Valley,2023,II,N,free_air_evap,greenfield,90.8,27.0,410337.0,1.034,189.02,747.97,936.99,8.238,1823.0,8238.0,138.81,0.1856,323.09,0.432,122.98,0.1644,62.2,0.0832,100.88,0.1349
P00647,hyperscaler,wholesale_colo,APAC,Japan,Tokyo,2023,III,N+2,air,greenfield,76.7,21.0,406198.0,1.094,105.3,951.48,1056.78,12.405,2342.0,12405.0,159.14,0.1673,398.29,0.4186,175.2,0.1841,81.6,0.0858,137.24,0.1442
P00648,colo_operator,wholesale_colo,Europe,Spain,Madrid,2026,III,N+2,air,greenfield,61.8,10.0,483572.0,1.002,39.48,627.39,666.87,10.152,1297.0,10152.0,94.11,0.15,270.26,0.4308,124.47,0.1984,51.62,0.0823,86.92,0.1385
P00649,hyperscaler,retail_colo,North America,US,Dallas-Fort Worth,2021,IV,2N+1,air,greenfield,1.1,13.0,7462.0,1.081,0.56,12.51,13.07,11.372,1676.0,11372.0,1.92,0.1535,5.19,0.4145,2.66,0.2129,0.99,0.0792,1.75,0.1399
P00650,colo_operator,wholesale_colo,APAC,Indonesia,Batam,2024,IV,2N,free_air_evap,retrofit,28.7,14.0,193021.0,1.013,0.0,216.22,216.22,7.534,1120.0,7534.0,19.97,0.0923,107.07,0.4952,43.33,0.2004,17.23,0.0797,28.62,0.1324
P00651,hyperscaler,hyperscale_cloud,APAC,Japan,Osaka,2026,IV,2N,air,greenfield,103.8,13.0,666664.0,1.081,162.97,1431.32,1594.29,13.789,2147.0,13789.0,228.55,0.1597,598.99,0.4185,297.64,0.2079,115.98,0.081,190.17,0.1329
P00652,colo_operator,hyperscale_ai,North America,US,Silicon Valley,2023,III,N+2,liquid_dtc,greenfield,139.1,97.0,383022.0,1.03,213.55,1944.89,2158.43,13.982,5078.0,13982.0,276.84,0.1423,810.57,0.4168,453.7,0.2333,147.18,0.0757,256.59,0.1319
P00653,developer,edge,Nordics,Iceland,Reykjavik,2021,III,N+1,air,greenfield,1.3,14.0,8881.0,1.1,0.66,15.45,16.1,11.883,1740.0,11883.0,2.41,0.156,6.57,0.425,3.26,0.211,1.19,0.0769,2.02,0.1311
P00654,developer,edge,APAC,Japan,Tokyo,2025,III,N+2,air,greenfield,1.5,13.0,10302.0,1.077,2.38,34.76,37.14,23.173,3374.0,23173.0,5.72,0.1645,14.5,0.417,6.8,0.1955,2.81,0.0808,4.94,0.1422
P00655,hyperscaler,wholesale_colo,APAC,Australia,Melbourne,2021,III,N+1,free_air_evap,greenfield,75.8,35.0,314345.0,1.039,43.07,574.65,617.71,7.581,1828.0,7581.0,99.74,0.1736,238.68,0.4153,104.11,0.1812,51.14,0.089,80.98,0.1409
P00656,colo_operator,hyperscale_cloud,Europe,Ireland,Dublin,2026,II,N,free_air_evap,greenfield,182.8,16.0,1083058.0,1.118,135.25,1667.19,1802.44,9.12,1539.0,9120.0,286.08,0.1716,728.88,0.4372,302.22,0.1813,136.1,0.0816,213.92,0.1283
P00657,hyperscaler,wholesale_colo,MEA,UAE,Dubai,2024,III,N+1,free_air_evap,greenfield,53.7,34.0,211321.0,1.014,29.68,456.83,486.52,8.507,2162.0,8507.0,81.98,0.1794,190.34,0.4166,76.74,0.168,39.66,0.0868,68.12,0.1491
P00658,developer,hyperscale_ai,Latin America,Chile,Santiago,2026,III,N+1,immersion,greenfield,30.2,90.0,99508.0,1.049,4.63,347.7,352.33,11.513,3494.0,11513.0,47.24,0.1359,137.73,0.3961,89.17,0.2564,26.21,0.0754,47.36,0.1362
P00659,enterprise,retail_colo,Latin America,Brazil,São Paulo,2026,III,N+1,air,greenfield,3.6,6.0,41831.0,1.114,0.37,42.77,43.14,11.881,1022.0,11881.0,6.14,0.1436,19.07,0.4459,8.43,0.1972,3.38,0.0791,5.74,0.1343
P00660,hyperscaler,retail_colo,Latin America,Brazil,São Paulo,2025,III,N+1,hybrid_air_liquid,shell_fitout,1.4,16.0,8718.0,1.097,0.0,10.62,10.62,7.589,1219.0,7589.0,0.2,0.0186,5.24,0.4933,2.93,0.2754,0.88,0.0825,1.38,0.1303
P00661,colo_operator,hyperscale_cloud,North America,US,Abilene,2025,II,N,hybrid_air_liquid,greenfield,100.6,13.0,720987.0,1.05,45.16,717.09,762.25,7.128,995.0,7128.0,97.91,0.1365,306.56,0.4275,161.7,0.2255,54.09,0.0754,96.83,0.135
P00662,developer,retail_colo,North America,US,Salt Lake City,2026,IV,2N+1,air,retrofit,1.0,17.0,5748.0,1.108,0.0,17.97,17.97,17.971,3126.0,17971.0,1.48,0.0824,8.13,0.4526,4.34,0.2418,1.51,0.0839,2.5,0.1394
P00663,developer,wholesale_colo,Europe,Germany,Frankfurt,2023,III,N+1,liquid_dtc,greenfield,43.5,26.0,203454.0,1.088,52.41,536.42,588.83,12.332,2637.0,12332.0,78.83,0.147,215.84,0.4024,119.14,0.2221,46.13,0.086,76.48,0.1426
P00664,hyperscaler,hyperscale_ai,North America,US,Silicon Valley,2025,III,N+2,hybrid_air_liquid,greenfield,237.3,75.0,784489.0,1.031,318.64,3169.89,3488.53,13.358,4041.0,13358.0,473.41,0.1493,1256.8,0.3965,742.83,0.2343,259.57,0.0819,437.28,0.1379
P00665,hyperscaler,wholesale_colo,North America,US,Silicon Valley,2021,IV,2N+1,hybrid_air_liquid,greenfield,25.6,24.0,116697.0,1.074,52.64,377.72,430.35,14.755,3237.0,14755.0,55.24,0.1462,162.34,0.4298,81.56,0.2159,27.47,0.0727,51.11,0.1353
P00666,hyperscaler,hyperscale_cloud,Europe,Netherlands,Amsterdam,2026,III,N+1,free_air_evap,greenfield,33.6,21.0,170148.0,1.039,67.8,351.19,418.99,10.452,2064.0,10452.0,59.15,0.1684,143.82,0.4095,65.4,0.1862,27.02,0.0769,55.8,0.1589
P00667,ai_cloud,wholesale_colo,Europe,Ireland,Dublin,2025,IV,2N,liquid_dtc,greenfield,34.2,32.0,129463.0,1.031,13.51,444.81,458.32,13.006,3436.0,13006.0,58.2,0.1308,174.41,0.3921,108.41,0.2437,38.39,0.0863,65.39,0.147
P00668,hyperscaler,wholesale_colo,Europe,Germany,Frankfurt,2024,III,N+1,air,greenfield,17.5,35.0,74605.0,1.003,38.38,179.32,217.7,10.247,2404.0,10247.0,27.31,0.1523,77.27,0.4309,36.67,0.2045,13.71,0.0764,24.36,0.1358
P00669,ai_cloud,hyperscale_cloud,APAC,Japan,Tokyo,2020,IV,2N,air,retrofit,25.4,24.0,122405.0,1.043,0.0,245.33,245.33,9.659,2004.0,9659.0,22.03,0.0898,110.18,0.4491,56.92,0.232,21.34,0.087,34.86,0.1421
P00670,colo_operator,hyperscale_ai,Europe,Ireland,Dublin,2021,III,N+1,liquid_dtc,greenfield,49.9,46.0,175116.0,1.042,18.08,490.88,508.96,9.837,2803.0,9837.0,60.43,0.1231,207.3,0.4223,119.03,0.2425,40.73,0.083,63.38,0.1291
P00671,hyperscaler,hyperscale_ai,North America,US,Reno,2025,II,N,hybrid_air_liquid,greenfield,59.7,133.0,185285.0,1.013,22.88,588.08,610.95,9.851,3174.0,9851.0,84.23,0.1432,255.05,0.4337,121.79,0.2071,47.26,0.0804,79.75,0.1356
P00672,enterprise,hyperscale_ai,APAC,Singapore,Singapore,2023,III,N+1,liquid_dtc,greenfield,233.8,43.0,931893.0,1.036,350.58,3068.74,3419.32,13.125,3293.0,13125.0,416.4,0.1357,1213.54,0.3955,748.83,0.244,261.57,0.0852,428.39,0.1396
P00673,colo_operator,hyperscale_cloud,North America,US,Salt Lake City,2025,III,N+1,air,greenfield,135.6,14.0,794726.0,1.098,90.2,1129.22,1219.43,8.328,1421.0,8328.0,169.57,0.1502,483.35,0.428,236.82,0.2097,86.64,0.0767,152.84,0.1353
P00674,developer,hyperscale_ai,APAC,Japan,Tokyo,2025,III,N+2,hybrid_air_liquid,greenfield,159.9,83.0,474871.0,1.116,294.37,2586.06,2880.43,16.173,5446.0,16173.0,390.17,0.1509,1065.93,0.4122,584.72,0.2261,207.82,0.0804,337.43,0.1305
P00675,hyperscaler,retail_colo,Europe,Italy,Milan,2024,IV,2N,air,retrofit,4.6,18.0,27255.0,1.0,0.0,53.59,53.59,11.65,1966.0,11650.0,4.17,0.0777,26.79,0.4999,11.43,0.2133,4.33,0.0808,6.88,0.1283
P00676,colo_operator,edge,Europe,Ireland,Dublin,2020,III,N+1,liquid_dtc,retrofit,0.8,7.0,8213.0,1.062,0.0,9.04,9.04,11.305,1101.0,11305.0,0.52,0.0578,4.09,0.4519,2.45,0.2706,0.71,0.0786,1.28,0.1411
P00677,hyperscaler,retail_colo,APAC,Singapore,Singapore,2024,III,N+1,air,greenfield,1.6,13.0,11637.0,1.053,2.01,22.2,24.21,13.878,1908.0,13878.0,3.33,0.1501,9.36,0.4216,4.56,0.2054,1.77,0.0798,3.18,0.143
P00678,colo_operator,retail_colo,APAC,South Korea,Seoul,2026,III,N+1,air,greenfield,1.7,19.0,8423.0,1.002,3.67,24.39,28.06,14.348,2896.0,14348.0,3.93,0.161,9.88,0.405,5.23,0.2142,1.95,0.0802,3.41,0.1396
P00679,enterprise,retail_colo,MEA,South Africa,Johannesburg,2025,IV,2N,air,greenfield,3.2,14.0,19122.0,1.107,0.31,38.22,38.53,11.943,1999.0,11943.0,5.82,0.1523,16.34,0.4275,7.75,0.2029,3.0,0.0784,5.31,0.139
P00680,colo_operator,wholesale_colo,APAC,Japan,Osaka,2021,II,N,hybrid_air_liquid,shell_fitout,22.3,36.0,94898.0,1.063,0.0,131.2,131.2,5.883,1383.0,5883.0,2.63,0.0201,66.66,0.508,33.62,0.2562,9.53,0.0726,18.76,0.143
P00681,ai_cloud,hyperscale_ai,Europe,Germany,Frankfurt,2023,III,N+1,air,greenfield,30.2,54.0,118909.0,1.019,62.2,358.17,420.37,11.86,3012.0,11860.0,60.64,0.1693,143.41,0.4004,72.49,0.2024,26.51,0.074,55.12,0.1539
P00682,ai_cloud,hyperscale_cloud,APAC,Japan,Osaka,2025,III,N+1,liquid_dtc,greenfield,117.5,16.0,622133.0,1.064,174.65,1421.96,1596.61,12.102,2286.0,12102.0,189.8,0.1335,570.93,0.4015,353.86,0.2489,115.07,0.0809,192.29,0.1352
P00683,colo_operator,hyperscale_cloud,Nordics,Finland,Helsinki,2025,IV,2N,free_air_evap,greenfield,72.3,18.0,358730.0,1.031,53.65,735.58,789.23,10.174,2051.0,10174.0,128.89,0.1752,311.08,0.4229,131.0,0.1781,59.89,0.0814,104.72,0.1424
P00684,enterprise,hyperscale_cloud,Nordics,Sweden,Stockholm,2026,III,N+1,hybrid_air_liquid,shell_fitout,164.8,26.0,825182.0,1.069,0.0,1129.24,1129.24,6.852,1368.0,6852.0,21.91,0.0194,541.08,0.4792,313.16,0.2773,97.37,0.0862,155.71,0.1379
P00685,hyperscaler,hyperscale_cloud,North America,US,Northern Virginia,2023,III,N+1,hybrid_air_liquid,retrofit,24.3,20.0,122843.0,1.047,0.0,183.11,183.11,7.536,1491.0,7536.0,13.34,0.0728,84.61,0.4621,43.01,0.2349,15.38,0.084,26.78,0.1462
P00686,hyperscaler,wholesale_colo,Nordics,Norway,Oslo,2023,IV,2N,free_air_evap,shell_fitout,11.2,23.0,57497.0,1.088,0.0,81.03,81.03,7.235,1409.0,7235.0,3.34,0.0412,42.16,0.5203,17.45,0.2154,6.26,0.0772,11.82,0.1459
P00687,colo_operator,hyperscale_ai,Latin America,Mexico,Querétaro,2022,IV,2N,air,greenfield,47.8,44.0,183278.0,1.11,5.64,454.15,459.78,9.501,2478.0,9501.0,72.41,0.1594,175.67,0.3868,100.1,0.2204,39.33,0.0866,66.63,0.1467
P00688,colo_operator,edge,APAC,Australia,Sydney,2026,III,N+1,free_air_evap,greenfield,0.4,15.0,2325.0,1.103,0.2,7.53,7.73,18.814,3237.0,18814.0,1.34,0.1787,3.25,0.4319,1.31,0.1746,0.55,0.0729,1.07,0.1419
P00689,developer,hyperscale_ai,APAC,Japan,Osaka,2026,III,N+1,hybrid_air_liquid,greenfield,21.3,129.0,60998.0,1.047,39.68,404.92,444.59,19.01,6638.0,19010.0,62.87,0.1553,165.94,0.4098,89.89,0.222,28.72,0.0709,57.5,0.142
P00690,colo_operator,hyperscale_cloud,North America,US,Dallas-Fort Worth,2025,III,N+1,air,greenfield,88.2,29.0,407122.0,1.084,49.4,818.68,868.08,9.282,2011.0,9282.0,124.14,0.1516,347.44,0.4244,159.81,0.1952,68.07,0.0832,119.21,0.1456
P00691,hyperscaler,retail_colo,Latin America,Brazil,São Paulo,2020,III,N+1,air,greenfield,2.1,11.0,16047.0,1.029,0.4,16.66,17.06,7.934,1038.0,7934.0,2.41,0.1449,7.29,0.4373,3.33,0.1999,1.29,0.0775,2.34,0.1403
P00692,enterprise,retail_colo,Europe,UK,London,2021,III,N+1,hybrid_air_liquid,greenfield,1.6,12.0,11656.0,1.12,1.88,20.86,22.74,13.04,1790.0,13040.0,3.0,0.1439,8.95,0.4291,4.46,0.2138,1.6,0.0765,2.85,0.1366
P00693,colo_operator,wholesale_colo,APAC,Singapore,Singapore,2022,III,N+1,liquid_dtc,greenfield,45.9,32.0,206170.0,1.116,103.38,546.12,649.5,11.898,2649.0,11898.0,85.17,0.1559,207.0,0.379,135.82,0.2487,43.61,0.0799,74.53,0.1365
P00694,colo_operator,wholesale_colo,Europe,France,Paris,2021,III,N+2,air,greenfield,47.6,38.0,184722.0,1.074,93.55,450.46,544.0,9.463,2439.0,9463.0,71.17,0.158,193.72,0.4301,85.02,0.1887,38.69,0.0859,61.86,0.1373
P00695,ai_cloud,edge,APAC,Japan,Tokyo,2024,III,N+2,hybrid_air_liquid,retrofit,0.3,13.0,2120.0,1.056,0.0,4.91,4.91,16.365,2316.0,16365.0,0.38,0.077,2.23,0.4548,1.24,0.2532,0.39,0.0793,0.67,0.1358
P00696,colo_operator,edge,Nordics,Norway,Oslo,2026,III,N+1,air,shell_fitout,1.4,13.0,9520.0,1.036,0.0,13.65,13.65,9.748,1434.0,9748.0,0.44,0.0321,6.72,0.4922,3.34,0.2445,1.05,0.0772,2.1,0.1541
P00697,colo_operator,edge,Europe,Netherlands,Amsterdam,2026,III,N+1,free_air_evap,greenfield,0.9,11.0,7266.0,1.085,1.26,16.77,18.02,18.628,2307.0,18628.0,3.04,0.1811,7.3,0.4355,2.9,0.1728,1.17,0.0701,2.36,0.1405
P00698,enterprise,edge,Nordics,Iceland,Reykjavik,2023,III,N+1,air,retrofit,4.8,9.0,39876.0,1.009,0.0,58.81,58.81,12.251,1475.0,12251.0,5.04,0.0858,27.0,0.4591,13.22,0.2249,5.06,0.0861,8.48,0.1442
P00699,colo_operator,wholesale_colo,North America,US,Northern Virginia,2019,III,N+1,air,retrofit,57.0,29.0,222688.0,1.028,0.0,338.69,338.69,5.942,1521.0,5942.0,30.95,0.0914,148.99,0.4399,79.97,0.2361,29.37,0.0867,49.4,0.1459
P00700,developer,wholesale_colo,North America,US,Abilene,2019,IV,2N,hybrid_air_liquid,retrofit,28.9,28.0,116925.0,1.007,0.0,210.28,210.28,7.276,1798.0,7276.0,14.42,0.0686,103.63,0.4928,46.81,0.2226,16.08,0.0765,29.33,0.1395
P00701,ai_cloud,edge,North America,US,Dallas-Fort Worth,2024,IV,2N,hybrid_air_liquid,greenfield,1.2,6.0,12703.0,1.013,0.73,17.48,18.22,14.57,1376.0,14570.0,2.48,0.1416,7.54,0.4311,3.74,0.2137,1.31,0.0751,2.42,0.1385
P00702,ai_cloud,hyperscale_ai,North America,US,Dallas-Fort Worth,2026,III,N+2,immersion,retrofit,78.1,114.0,233774.0,1.094,0.0,935.7,935.7,11.981,4003.0,11981.0,48.3,0.0516,400.48,0.428,273.53,0.2923,77.51,0.0828,135.89,0.1452
P00703,colo_operator,hyperscale_ai,North America,US,Dallas-Fort Worth,2025,IV,2N,immersion,greenfield,235.3,47.0,800207.0,1.098,89.49,3259.0,3348.49,13.85,4073.0,13850.0,358.4,0.11,1436.94,0.4409,752.25,0.2308,256.04,0.0786,455.37,0.1397
P00704,hyperscaler,retail_colo,Europe,Netherlands,Amsterdam,2022,III,N+1,air,greenfield,2.6,7.0,27388.0,1.088,5.22,34.04,39.26,13.092,1243.0,13092.0,5.58,0.1638,14.6,0.4289,6.09,0.1788,3.02,0.0887,4.76,0.1397
P00705,colo_operator,wholesale_colo,Nordics,Norway,Oslo,2024,III,N+1,air,greenfield,49.2,15.0,327077.0,1.082,19.51,457.41,476.92,9.297,1398.0,9297.0,74.24,0.1623,201.96,0.4415,79.05,0.1728,39.28,0.0859,62.89,0.1375
P00706,developer,retail_colo,Europe,Germany,Frankfurt,2022,IV,2N,air,greenfield,12.1,16.0,80876.0,1.096,18.29,188.03,206.32,15.539,2325.0,15539.0,32.52,0.173,75.79,0.4031,36.91,0.1963,15.43,0.0821,27.36,0.1455
P00707,colo_operator,edge,APAC,Singapore,Singapore,2024,III,N+1,liquid_dtc,greenfield,1.4,5.0,19447.0,1.016,3.36,28.44,31.8,20.314,1462.0,20314.0,3.59,0.1261,10.94,0.3848,7.35,0.2584,2.14,0.0751,4.42,0.1556
P00708,ai_cloud,wholesale_colo,APAC,Indonesia,Batam,2021,III,N+1,air,greenfield,13.9,13.0,82226.0,1.067,1.37,82.19,83.56,5.913,1000.0,5913.0,13.19,0.1605,34.42,0.4188,16.11,0.196,5.88,0.0716,12.59,0.1532
P00709,hyperscaler,hyperscale_cloud,Latin America,Mexico,Querétaro,2025,III,N+2,air,greenfield,179.0,28.0,817590.0,1.069,22.83,1395.51,1418.34,7.796,1707.0,7796.0,217.53,0.1559,604.8,0.4334,271.86,0.1948,112.54,0.0806,188.78,0.1353
P00710,developer,edge,Europe,Germany,Frankfurt,2026,III,N+1,hybrid_air_liquid,retrofit,2.6,13.0,16959.0,1.095,0.0,41.52,41.52,15.97,2448.0,15970.0,3.14,0.0755,18.51,0.4459,10.42,0.251,3.45,0.083,6.0,0.1446
P00711,colo_operator,wholesale_colo,North America,Canada,Toronto,2025,III,N+1,air,greenfield,11.8,28.0,52902.0,1.086,7.73,155.81,163.54,13.205,2945.0,13205.0,28.46,0.1827,60.98,0.3914,28.99,0.186,13.65,0.0876,23.73,0.1523
P00712,enterprise,retail_colo,MEA,UAE,Dubai,2026,IV,2N,hybrid_air_liquid,shell_fitout,1.6,9.0,14310.0,1.046,0.0,19.64,19.64,12.276,1373.0,12276.0,0.35,0.0179,9.57,0.4873,5.34,0.2718,1.55,0.079,2.83,0.1439
P00713,developer,wholesale_colo,Latin America,Brazil,São Paulo,2023,III,N+1,air,greenfield,28.4,34.0,120017.0,1.085,2.69,227.31,230.01,8.004,1894.0,8004.0,34.14,0.1502,94.88,0.4174,45.49,0.2001,18.33,0.0806,34.47,0.1517
P00714,colo_operator,wholesale_colo,APAC,India,Chennai,2022,IV,2N,air,greenfield,17.7,15.0,104218.0,1.12,1.81,129.37,131.18,7.309,1241.0,7309.0,20.22,0.1563,52.61,0.4066,26.33,0.2035,10.5,0.0812,19.71,0.1524
P00715,ai_cloud,retail_colo,APAC,Japan,Osaka,2022,IV,2N,air,retrofit,6.0,7.0,64432.0,1.003,0.0,77.44,77.44,12.906,1202.0,12906.0,6.3,0.0814,36.13,0.4665,17.19,0.2219,6.21,0.0802,11.61,0.1499
P00716,ai_cloud,hyperscale_cloud,North America,Canada,Toronto,2025,III,N+2,air,retrofit,34.6,28.0,161940.0,1.056,0.0,348.41,348.41,10.07,2151.0,10070.0,29.81,0.0855,164.9,0.4733,75.19,0.2158,28.97,0.0832,49.54,0.1422
P00717,colo_operator,retail_colo,Europe,Italy,Milan,2019,III,N+2,air,greenfield,23.9,13.0,149251.0,1.08,16.88,235.17,252.05,9.84,1576.0,9840.0,39.79,0.1692,96.57,0.4106,47.46,0.2018,17.91,0.0762,33.44,0.1422
P00718,developer,hyperscale_ai,North America,US,Northern Virginia,2023,III,N+2,hybrid_air_liquid,greenfield,23.8,100.0,75625.0,1.049,15.79,321.84,337.63,13.523,4256.0,13523.0,46.54,0.1446,132.58,0.4119,70.58,0.2193,26.31,0.0817,45.83,0.1424
P00719,enterprise,retail_colo,Latin America,Chile,Santiago,2026,III,N+2,air,greenfield,1.9,18.0,12189.0,1.01,0.36,19.51,19.87,10.266,1600.0,10266.0,3.03,0.1554,8.48,0.4345,3.78,0.1937,1.46,0.0749,2.76,0.1416
P00720,colo_operator,retail_colo,North America,US,Abilene,2025,IV,2N+1,air,retrofit,17.0,20.0,99420.0,1.071,0.0,187.63,187.63,11.037,1887.0,11037.0,15.55,0.0829,89.76,0.4784,39.73,0.2117,15.43,0.0823,27.16,0.1447
P00721,enterprise,wholesale_colo,MEA,South Africa,Johannesburg,2026,III,N+1,air,greenfield,7.9,16.0,47404.0,1.11,0.93,81.06,81.99,10.261,1710.0,10261.0,12.13,0.1496,34.8,0.4293,15.75,0.1943,6.36,0.0784,12.03,0.1483
P00722,developer,retail_colo,APAC,Japan,Tokyo,2024,III,N+1,air,greenfield,5.8,15.0,37082.0,1.028,11.34,70.63,81.96,12.177,1905.0,12177.0,10.86,0.1537,29.59,0.419,14.27,0.2021,5.72,0.081,10.18,0.1442
P00723,colo_operator,wholesale_colo,North America,US,Atlanta,2025,IV,2N,air,shell_fitout,38.5,25.0,202216.0,1.011,0.0,255.66,255.66,6.64,1264.0,6640.0,7.07,0.0276,125.01,0.489,66.8,0.2613,19.32,0.0756,37.46,0.1465
P00724,colo_operator,hyperscale_cloud,Europe,Netherlands,Amsterdam,2024,III,N+1,liquid_dtc,retrofit,84.3,27.0,395019.0,1.009,0.0,697.07,697.07,8.269,1765.0,8269.0,41.01,0.0588,318.86,0.4574,179.24,0.2571,55.75,0.08,102.21,0.1466
P00725,colo_operator,wholesale_colo,APAC,Australia,Melbourne,2025,IV,2N,hybrid_air_liquid,greenfield,13.6,16.0,83939.0,1.008,5.82,170.8,176.61,12.559,2035.0,12559.0,26.42,0.1547,70.94,0.4153,37.29,0.2183,12.96,0.0759,23.19,0.1358
P00726,colo_operator,edge,Europe,UK,London,2024,IV,2N,free_air_evap,greenfield,0.5,6.0,5795.0,1.091,0.63,10.24,10.87,20.482,1767.0,20482.0,1.74,0.1702,4.43,0.4327,1.82,0.1777,0.82,0.0797,1.43,0.1397
P00727,ai_cloud,retail_colo,Europe,UK,London,2023,IV,2N,air,greenfield,9.1,14.0,60177.0,1.11,21.8,135.28,157.08,14.866,2248.0,14866.0,22.43,0.1658,59.11,0.4369,25.73,0.1902,10.98,0.0812,17.03,0.1259
P00728,hyperscaler,wholesale_colo,Nordics,Iceland,Reykjavik,2024,III,N+1,hybrid_air_liquid,greenfield,6.0,13.0,39812.0,1.082,2.81,69.79,72.6,11.631,1753.0,11631.0,9.53,0.1366,31.34,0.4491,14.54,0.2083,5.08,0.0727,9.31,0.1333
P00729,hyperscaler,edge,MEA,South Africa,Johannesburg,2019,IV,2N,air,shell_fitout,0.4,14.0,2476.0,1.092,0.0,3.45,3.45,8.629,1394.0,8629.0,0.11,0.0307,1.66,0.4819,0.9,0.2606,0.29,0.0848,0.49,0.142
P00730,hyperscaler,hyperscale_cloud,APAC,India,Chennai,2026,III,N+2,hybrid_air_liquid,greenfield,115.8,19.0,627729.0,1.012,13.94,625.62,639.56,5.403,997.0,5403.0,91.17,0.1457,260.31,0.4161,130.91,0.2092,48.38,0.0773,94.85,0.1516
P00731,colo_operator,retail_colo,APAC,India,Chennai,2023,IV,2N,air,greenfield,4.9,19.0,25167.0,1.101,0.82,41.86,42.68,8.543,1663.0,8543.0,6.64,0.1587,17.5,0.4181,7.93,0.1893,3.65,0.0872,6.14,0.1466
P00732,colo_operator,hyperscale_ai,North America,Canada,Toronto,2025,III,N+2,immersion,greenfield,60.5,91.0,180545.0,1.036,30.54,804.05,834.59,13.29,4453.0,13290.0,94.72,0.1178,345.74,0.43,204.95,0.2549,55.83,0.0694,102.81,0.1279
P00733,colo_operator,edge,Europe,Spain,Madrid,2024,IV,2N,hybrid_air_liquid,greenfield,2.2,9.0,18513.0,1.063,1.29,35.83,37.12,16.284,1935.0,16284.0,5.44,0.1517,14.92,0.4164,7.69,0.2146,2.84,0.0793,4.94,0.138
P00734,hyperscaler,retail_colo,Nordics,Iceland,Reykjavik,2025,IV,2N,air,greenfield,4.3,15.0,27525.0,1.077,3.09,63.5,66.59,14.767,2307.0,14767.0,10.72,0.1688,26.54,0.4179,12.68,0.1996,4.66,0.0734,8.91,0.1403
P00735,ai_cloud,hyperscale_cloud,Europe,Ireland,Dublin,2023,III,N+1,liquid_dtc,shell_fitout,143.0,14.0,845088.0,1.03,0.0,907.45,907.45,6.346,1074.0,6346.0,8.97,0.0099,448.91,0.4947,258.11,0.2844,70.94,0.0782,120.52,0.1328
P00736,colo_operator,wholesale_colo,APAC,India,Mumbai,2022,III,N+2,air,greenfield,23.1,25.0,106926.0,1.05,2.26,139.99,142.25,6.06,1309.0,6060.0,21.53,0.1538,59.53,0.4252,29.08,0.2078,11.41,0.0815,18.45,0.1318
P00737,ai_cloud,retail_colo,North America,US,Dallas-Fort Worth,2023,IV,2N,air,greenfield,3.3,8.0,30410.0,1.085,2.25,46.91,49.16,14.215,1543.0,14215.0,7.36,0.1569,20.07,0.4278,9.69,0.2065,3.43,0.0732,6.36,0.1356
P00738,ai_cloud,retail_colo,APAC,Australia,Melbourne,2019,IV,2N,hybrid_air_liquid,greenfield,17.5,12.0,117285.0,1.114,9.78,218.5,228.27,12.485,1863.0,12485.0,32.81,0.1502,93.53,0.4281,45.65,0.2089,17.31,0.0792,29.18,0.1336
P00739,ai_cloud,wholesale_colo,Europe,France,Paris,2023,IV,2N,free_air_evap,retrofit,26.2,19.0,144384.0,1.099,0.0,290.1,290.1,11.072,2009.0,11072.0,29.61,0.1021,144.39,0.4977,51.0,0.1758,23.84,0.0822,41.26,0.1422
P00740,developer,retail_colo,APAC,Japan,Osaka,2025,IV,2N,air,greenfield,8.6,13.0,57914.0,1.021,18.72,138.15,156.87,16.064,2385.0,16064.0,22.29,0.1614,56.74,0.4107,28.99,0.2098,10.35,0.0749,19.79,0.1432
P00741,enterprise,hyperscale_ai,Nordics,Sweden,Stockholm,2026,II,N,hybrid_air_liquid,greenfield,44.7,66.0,144139.0,1.021,30.23,472.03,502.27,10.56,3275.0,10560.0,69.81,0.1479,198.12,0.4197,104.04,0.2204,35.1,0.0744,64.97,0.1376
P00742,hyperscaler,retail_colo,APAC,Singapore,Singapore,2025,III,N+1,air,greenfield,1.7,12.0,12855.0,1.085,3.56,27.78,31.33,16.339,2161.0,16339.0,4.39,0.1581,12.03,0.4332,5.3,0.191,2.43,0.0876,3.62,0.1302
P00743,developer,wholesale_colo,Latin America,Mexico,Querétaro,2020,III,N+1,air,greenfield,8.2,30.0,31604.0,1.111,0.93,57.58,58.51,7.022,1822.0,7022.0,9.04,0.157,23.54,0.4089,11.81,0.2051,4.42,0.0768,8.77,0.1523
P00744,developer,edge,Europe,Netherlands,Amsterdam,2023,III,N+1,air,shell_fitout,1.0,12.0,7222.0,1.042,0.0,10.3,10.3,10.296,1426.0,10296.0,0.29,0.0284,5.19,0.5037,2.53,0.2457,0.82,0.0792,1.47,0.143
P00745,ai_cloud,hyperscale_cloud,APAC,Indonesia,Batam,2023,IV,2N,hybrid_air_liquid,greenfield,43.2,27.0,193822.0,1.117,7.86,384.26,392.12,8.895,1983.0,8895.0,54.64,0.1422,154.78,0.4028,90.42,0.2353,31.13,0.081,53.29,0.1387
P00746,ai_cloud,hyperscale_cloud,APAC,Japan,Osaka,2023,II,N,air,shell_fitout,31.4,21.0,158411.0,1.017,0.0,178.67,178.67,5.69,1128.0,5690.0,5.31,0.0297,90.82,0.5083,43.42,0.243,13.9,0.0778,25.21,0.1411
P00747,ai_cloud,retail_colo,North America,US,Phoenix,2024,IV,2N,free_air_evap,retrofit,8.0,10.0,67163.0,1.089,0.0,100.39,100.39,12.548,1495.0,12548.0,10.23,0.1019,46.83,0.4665,19.68,0.196,8.76,0.0872,14.89,0.1483
P00748,colo_operator,wholesale_colo,North America,US,Atlanta,2026,IV,2N,air,greenfield,20.8,15.0,117894.0,1.075,11.01,246.47,257.48,11.85,2091.0,11850.0,37.65,0.1528,105.88,0.4296,48.28,0.1959,19.98,0.0811,34.68,0.1407
P00749,enterprise,retail_colo,Europe,Germany,Frankfurt,2020,IV,2N,air,greenfield,8.9,6.0,97015.0,1.08,17.13,116.49,133.62,13.089,1201.0,13089.0,19.07,0.1637,47.57,0.4084,24.91,0.2138,9.2,0.079,15.74,0.1351
P00750,colo_operator,wholesale_colo,APAC,Indonesia,Batam,2023,III,N+1,air,greenfield,84.3,19.0,472778.0,1.075,14.15,457.96,472.11,5.432,969.0,5432.0,75.01,0.1638,176.25,0.3849,97.04,0.2119,39.37,0.086,70.28,0.1535
P00751,colo_operator,wholesale_colo,Latin America,Brazil,São Paulo,2025,IV,2N,air,greenfield,62.5,25.0,300772.0,1.002,8.58,535.01,543.58,8.56,1779.0,8560.0,88.24,0.1649,232.52,0.4346,98.45,0.184,44.61,0.0834,71.18,0.133
P00752,ai_cloud,hyperscale_ai,APAC,Australia,Sydney,2025,III,N+1,liquid_dtc,greenfield,157.6,45.0,600724.0,1.054,110.13,2037.68,2147.81,12.929,3392.0,12929.0,296.33,0.1454,831.25,0.4079,454.04,0.2228,164.69,0.0808,291.37,0.143
P00753,developer,hyperscale_ai,APAC,Indonesia,Batam,2026,IV,2N,liquid_dtc,greenfield,46.4,45.0,184309.0,1.044,4.99,573.27,578.26,12.355,3110.0,12355.0,78.84,0.1375,229.74,0.4008,143.83,0.2509,43.87,0.0765,76.99,0.1343
P00754,hyperscaler,edge,Latin America,Mexico,Querétaro,2026,III,N+1,air,retrofit,0.5,11.0,3727.0,1.031,0.0,5.66,5.66,11.315,1518.0,11315.0,0.45,0.079,2.69,0.4758,1.27,0.2248,0.47,0.0836,0.77,0.1368
P00755,ai_cloud,wholesale_colo,APAC,South Korea,Seoul,2022,III,N+1,air,retrofit,33.8,9.0,313386.0,1.021,0.0,241.79,241.79,7.154,772.0,7154.0,19.7,0.0815,112.84,0.4667,54.95,0.2273,19.84,0.082,34.46,0.1425
P00756,colo_operator,wholesale_colo,Nordics,Sweden,Stockholm,2019,III,N+1,hybrid_air_liquid,greenfield,93.8,23.0,473007.0,1.099,63.03,829.01,892.04,8.838,1753.0,8838.0,119.05,0.1436,350.6,0.4229,167.52,0.2021,66.58,0.0803,125.26,0.1511
P00757,hyperscaler,edge,MEA,UAE,Dubai,2025,IV,2N,air,greenfield,0.5,14.0,3154.0,1.105,0.37,8.75,9.11,17.496,2774.0,17496.0,1.51,0.1723,3.55,0.406,1.76,0.2013,0.73,0.0833,1.2,0.1372
P00758,ai_cloud,hyperscale_cloud,North America,US,Abilene,2022,IV,2N,hybrid_air_liquid,greenfield,41.9,13.0,270557.0,1.007,18.75,435.65,454.4,10.397,1610.0,10397.0,60.8,0.1396,189.57,0.4351,95.03,0.2181,31.88,0.0732,58.36,0.134
P00759,colo_operator,edge,Latin America,Chile,Santiago,2021,IV,2N,hybrid_air_liquid,greenfield,0.5,10.0,4257.0,1.063,0.07,7.21,7.27,14.413,1693.0,14413.0,1.05,0.1454,3.01,0.417,1.62,0.2241,0.55,0.0763,0.99,0.1372
P00760,ai_cloud,hyperscale_ai,Europe,Germany,Frankfurt,2023,III,N+1,liquid_dtc,shell_fitout,23.1,137.0,68607.0,1.052,0.0,209.95,209.95,9.089,3060.0,9089.0,2.25,0.0107,106.64,0.5079,58.73,0.2798,16.1,0.0767,26.22,0.1249
P00761,ai_cloud,edge,Latin America,Chile,Santiago,2026,IV,2N,air,greenfield,0.3,5.0,3847.0,1.073,0.04,5.44,5.47,18.124,1414.0,18124.0,0.86,0.1588,2.32,0.4274,1.13,0.2077,0.41,0.0754,0.71,0.1307
P00762,developer,hyperscale_ai,Europe,Italy,Milan,2023,III,N+1,liquid_dtc,greenfield,32.7,115.0,100366.0,1.044,13.54,386.53,400.06,11.82,3851.0,11820.0,52.11,0.1348,165.14,0.4272,91.04,0.2355,27.89,0.0722,50.34,0.1302
P00763,hyperscaler,retail_colo,North America,US,Abilene,2024,III,N+2,air,greenfield,1.8,15.0,11013.0,1.084,0.81,20.47,21.28,11.373,1859.0,11373.0,3.59,0.1752,8.21,0.401,3.98,0.1945,1.67,0.0816,3.02,0.1477
P00764,colo_operator,hyperscale_ai,APAC,South Korea,Seoul,2021,III,N+2,liquid_dtc,greenfield,54.7,55.0,198453.0,1.11,69.1,668.77,737.87,12.226,3370.0,12226.0,92.56,0.1384,251.93,0.3767,171.95,0.2571,57.08,0.0853,95.26,0.1424
P00765,hyperscaler,edge,Latin America,Mexico,Querétaro,2025,IV,2N,free_air_evap,greenfield,1.0,13.0,6708.0,1.032,0.18,13.24,13.42,13.243,1974.0,13243.0,2.36,0.1779,5.47,0.4127,2.46,0.1855,1.05,0.0796,1.91,0.1443
P00766,colo_operator,edge,North America,US,Reno,2020,III,N+1,free_air_evap,retrofit,2.4,11.0,19202.0,1.026,0.0,18.66,18.66,7.777,972.0,7777.0,1.7,0.091,8.92,0.4781,3.71,0.199,1.53,0.0819,2.8,0.15
P00767,hyperscaler,hyperscale_cloud,APAC,Japan,Tokyo,2026,III,N+2,hybrid_air_liquid,shell_fitout,54.0,21.0,273573.0,1.002,0.0,484.44,484.44,8.971,1771.0,8971.0,9.91,0.0205,237.8,0.4909,135.73,0.2802,36.44,0.0752,64.56,0.1333
P00768,colo_operator,retail_colo,Latin America,Chile,Santiago,2025,IV,2N,free_air_evap,greenfield,3.6,7.0,34932.0,1.002,0.44,42.64,43.08,11.845,1221.0,11845.0,7.77,0.1822,18.08,0.4241,6.98,0.1636,3.56,0.0834,6.26,0.1467
P00769,developer,hyperscale_ai,North America,US,Columbus,2022,III,N+2,liquid_dtc,greenfield,222.1,75.0,690254.0,1.017,110.19,2085.21,2195.39,9.389,3021.0,9389.0,295.81,0.1419,858.04,0.4115,495.01,0.2374,160.84,0.0771,275.51,0.1321
P00770,ai_cloud,hyperscale_cloud,MEA,UAE,Dubai,2020,III,N+1,air,greenfield,26.2,14.0,163429.0,1.095,11.57,204.51,216.09,7.806,1251.0,7806.0,32.23,0.1576,93.02,0.4548,36.77,0.1798,15.47,0.0757,27.02,0.1321
P00771,colo_operator,hyperscale_cloud,North America,US,Chicago,2023,III,N+1,free_air_evap,greenfield,167.1,15.0,970105.0,1.014,109.22,1376.23,1485.44,8.236,1419.0,8236.0,237.35,0.1725,592.42,0.4305,233.41,0.1696,110.21,0.0801,202.82,0.1474
P00772,ai_cloud,wholesale_colo,APAC,Japan,Osaka,2024,III,N+1,hybrid_air_liquid,retrofit,37.0,9.0,323519.0,1.016,0.0,398.5,398.5,10.77,1232.0,10770.0,27.17,0.0682,192.58,0.4833,92.18,0.2313,31.56,0.0792,54.99,0.138
P00773,colo_operator,wholesale_colo,MEA,UAE,Dubai,2024,II,N,hybrid_air_liquid,greenfield,89.3,30.0,383467.0,1.09,57.86,714.96,772.82,8.006,1864.0,8006.0,107.02,0.1497,289.34,0.4047,164.86,0.2306,52.95,0.0741,100.8,0.141
P00774,colo_operator,edge,Nordics,Sweden,Stockholm,2025,IV,2N,hybrid_air_liquid,greenfield,4.1,5.0,56050.0,1.02,2.64,65.96,68.61,16.088,1177.0,16088.0,9.54,0.1446,27.21,0.4125,14.49,0.2196,5.35,0.0811,9.38,0.1422
P00775,ai_cloud,retail_colo,North America,US,Chicago,2024,III,N+1,air,greenfield,1.0,9.0,7349.0,1.004,0.46,11.13,11.59,11.132,1515.0,11132.0,1.72,0.1545,4.72,0.4241,2.17,0.1952,0.87,0.0786,1.64,0.1477
P00776,hyperscaler,hyperscale_cloud,APAC,Australia,Melbourne,2023,IV,2N,air,shell_fitout,38.9,23.0,192480.0,1.059,0.0,263.28,263.28,6.768,1368.0,6768.0,8.04,0.0305,131.91,0.501,67.97,0.2582,21.11,0.0802,34.24,0.1301
P00777,colo_operator,wholesale_colo,Nordics,Finland,Helsinki,2020,IV,2N,air,greenfield,66.0,30.0,280405.0,1.102,46.11,597.45,643.56,9.052,2131.0,9052.0,92.49,0.1548,263.65,0.4413,109.83,0.1838,48.05,0.0804,83.43,0.1396
P00778,colo_operator,edge,Europe,UK,London,2025,III,N+1,air,retrofit,0.8,12.0,5988.0,1.027,0.0,10.01,10.01,12.514,1672.0,12514.0,0.76,0.076,4.9,0.4893,2.12,0.2118,0.83,0.0831,1.4,0.1397
P00779,ai_cloud,retail_colo,North America,US,Atlanta,2025,IV,2N,free_air_evap,shell_fitout,2.7,17.0,17174.0,1.047,0.0,23.39,23.39,8.663,1362.0,8663.0,1.01,0.0431,12.09,0.517,4.87,0.208,1.93,0.0827,3.49,0.1492
P00780,ai_cloud,edge,Europe,Spain,Madrid,2026,III,N+1,air,shell_fitout,0.9,15.0,5561.0,1.013,0.0,9.23,9.23,10.254,1659.0,10254.0,0.27,0.0291,4.56,0.494,2.36,0.256,0.8,0.0871,1.23,0.1338
P00781,colo_operator,wholesale_colo,APAC,India,Chennai,2025,IV,2N,air,greenfield,24.4,30.0,108662.0,1.043,4.79,180.22,185.0,7.386,1659.0,7386.0,28.89,0.1603,75.73,0.4202,36.73,0.2038,13.75,0.0763,25.11,0.1393
P00782,hyperscaler,edge,Europe,Spain,Madrid,2023,III,N+1,air,greenfield,2.5,11.0,16704.0,1.001,0.9,32.37,33.28,12.948,1938.0,12948.0,5.09,0.1571,13.72,0.4239,6.46,0.1996,2.54,0.0783,4.57,0.1411
P00783,enterprise,retail_colo,North America,US,Chicago,2020,III,N+1,air,greenfield,6.2,10.0,48689.0,1.106,2.63,62.76,65.39,10.122,1289.0,10122.0,9.48,0.1511,26.27,0.4186,12.79,0.2037,4.94,0.0787,9.28,0.1479
P00784,ai_cloud,hyperscale_ai,North America,US,Abilene,2023,III,N+1,liquid_dtc,greenfield,22.1,86.0,68361.0,1.095,11.34,253.29,264.62,11.461,3705.0,11461.0,36.04,0.1423,100.82,0.398,59.96,0.2367,20.05,0.0791,36.43,0.1438
P00785,ai_cloud,retail_colo,North America,US,Columbus,2026,III,N+1,air,greenfield,2.4,17.0,13834.0,1.101,1.11,28.75,29.86,11.979,2078.0,11979.0,4.68,0.163,12.19,0.4242,5.67,0.1974,2.22,0.0771,3.98,0.1384
P00786,hyperscaler,retail_colo,APAC,Singapore,Singapore,2026,IV,2N,air,greenfield,10.8,14.0,69000.0,1.092,21.54,188.63,210.17,17.466,2734.0,17466.0,29.4,0.1558,78.35,0.4154,39.15,0.2075,14.52,0.077,27.22,0.1443
P00787,hyperscaler,wholesale_colo,Latin America,Chile,Santiago,2024,IV,2N+1,air,retrofit,6.5,39.0,25132.0,1.046,0.0,60.33,60.33,9.281,2400.0,9281.0,5.0,0.0828,29.17,0.4836,12.58,0.2085,4.92,0.0815,8.66,0.1435
P00788,hyperscaler,retail_colo,Latin America,Mexico,Querétaro,2026,III,N+1,air,greenfield,2.2,18.0,13271.0,1.118,0.44,23.2,23.63,10.543,1748.0,10543.0,3.72,0.1603,9.5,0.4098,4.67,0.2011,1.76,0.0757,3.55,0.1531
P00789,developer,wholesale_colo,Latin America,Brazil,São Paulo,2021,III,N+1,hybrid_air_liquid,retrofit,56.9,22.0,260041.0,1.015,0.0,288.54,288.54,5.071,1110.0,5071.0,18.83,0.0653,138.46,0.4798,66.12,0.2291,22.31,0.0773,42.83,0.1484
P00790,developer,hyperscale_cloud,Nordics,Finland,Helsinki,2024,IV,2N,free_air_evap,greenfield,58.0,20.0,292191.0,1.003,31.96,507.22,539.17,8.745,1736.0,8745.0,87.25,0.172,209.91,0.4138,95.41,0.1881,40.53,0.0799,74.12,0.1461
P00791,developer,wholesale_colo,North America,US,Phoenix,2025,III,N+1,free_air_evap,shell_fitout,21.0,38.0,82146.0,1.003,0.0,125.44,125.44,5.973,1527.0,5973.0,4.99,0.0398,65.43,0.5217,24.4,0.1945,10.74,0.0857,19.86,0.1584
P00792,colo_operator,retail_colo,Europe,Italy,Milan,2024,III,N+1,air,greenfield,7.9,15.0,51028.0,1.014,3.32,87.7,91.02,11.101,1719.0,11101.0,14.69,0.1675,38.18,0.4353,15.86,0.1808,6.5,0.0742,12.47,0.1422
P00793,ai_cloud,retail_colo,North America,US,Reno,2025,III,N+1,air,greenfield,1.9,16.0,10394.0,1.099,1.37,24.31,25.68,12.796,2339.0,12796.0,3.92,0.1611,10.18,0.4188,5.05,0.2078,1.94,0.0799,3.22,0.1324
P00794,hyperscaler,retail_colo,Nordics,Iceland,Reykjavik,2022,III,N+1,hybrid_air_liquid,shell_fitout,3.0,15.0,17257.0,1.008,0.0,25.35,25.35,8.451,1469.0,8451.0,0.48,0.0189,12.72,0.5017,6.46,0.2548,1.99,0.0786,3.7,0.1461
P00795,ai_cloud,hyperscale_cloud,MEA,UAE,Dubai,2021,III,N+1,air,greenfield,62.4,28.0,302659.0,1.026,22.13,471.29,493.42,7.553,1557.0,7553.0,79.68,0.1691,202.87,0.4305,87.86,0.1864,36.29,0.077,64.59,0.137
P00796,developer,hyperscale_ai,APAC,Japan,Osaka,2025,III,N+1,liquid_dtc,greenfield,24.4,135.0,70132.0,1.12,39.15,426.83,465.98,17.493,6086.0,17493.0,57.41,0.1345,175.82,0.4119,96.78,0.2267,35.46,0.0831,61.37,0.1438
P00797,ai_cloud,hyperscale_cloud,North America,US,Phoenix,2026,IV,2N,free_air_evap,shell_fitout,25.8,14.0,173256.0,1.016,0.0,183.8,183.8,7.124,1061.0,7124.0,6.75,0.0367,95.08,0.5173,40.66,0.2212,14.99,0.0816,26.33,0.1432
P00798,colo_operator,wholesale_colo,MEA,UAE,Dubai,2024,III,N+2,air,greenfield,24.5,27.0,108218.0,1.06,16.65,237.7,254.34,9.702,2196.0,9702.0,37.06,0.1559,102.78,0.4324,45.86,0.1929,17.88,0.0752,34.12,0.1436
P00799,enterprise,hyperscale_ai,APAC,Australia,Melbourne,2025,III,N+1,air,greenfield,64.0,66.0,195994.0,1.113,46.45,866.43,912.88,13.538,4421.0,13538.0,130.73,0.1509,378.44,0.4368,169.74,0.1959,65.46,0.0756,122.06,0.1409
P00800,enterprise,wholesale_colo,APAC,Malaysia,Johor,2026,IV,2N,air,greenfield,27.4,19.0,138884.0,1.026,3.46,200.16,203.61,7.305,1441.0,7305.0,32.61,0.1629,85.21,0.4257,39.54,0.1976,16.21,0.081,26.59,0.1328
P00801,developer,retail_colo,North America,US,Atlanta,2024,III,N+1,air,greenfield,1.0,6.0,12100.0,1.001,0.6,9.36,9.96,9.358,773.0,9358.0,1.67,0.1788,3.63,0.3881,1.99,0.2123,0.73,0.078,1.34,0.1429
P00802,colo_operator,hyperscale_ai,Europe,Ireland,Dublin,2023,III,N+1,hybrid_air_liquid,greenfield,39.6,89.0,122714.0,1.003,22.36,499.36,521.72,12.61,4069.0,12610.0,76.99,0.1542,212.02,0.4246,98.29,0.1968,43.08,0.0863,68.97,0.1381
P00803,hyperscaler,retail_colo,Latin America,Mexico,Querétaro,2025,III,N+1,air,greenfield,6.2,5.0,85243.0,1.106,0.61,71.11,71.72,11.47,834.0,11470.0,12.36,0.1738,29.2,0.4106,13.94,0.196,5.62,0.079,10.0,0.1406
P00804,ai_cloud,hyperscale_ai,North America,US,Reno,2025,III,N+1,liquid_dtc,greenfield,56.2,77.0,182064.0,1.034,28.25,621.38,649.63,11.057,3413.0,11057.0,84.07,0.1353,254.21,0.4091,148.57,0.2391,48.15,0.0775,86.38,0.139
P00805,colo_operator,wholesale_colo,North America,US,Silicon Valley,2023,III,N+2,free_air_evap,shell_fitout,24.7,30.0,101329.0,1.105,0.0,216.48,216.48,8.764,2136.0,8764.0,9.21,0.0426,110.27,0.5094,47.64,0.2201,16.99,0.0785,32.36,0.1495
P00806,colo_operator,hyperscale_ai,North America,US,Dallas-Fort Worth,2026,III,N+1,air,greenfield,70.2,89.0,206030.0,1.012,34.64,739.2,773.84,10.53,3588.0,10530.0,116.95,0.1582,299.98,0.4058,158.74,0.2147,60.6,0.082,102.93,0.1392
P00807,colo_operator,hyperscale_ai,Europe,Netherlands,Amsterdam,2024,III,N+1,hybrid_air_liquid,retrofit,29.1,94.0,95388.0,1.068,0.0,293.2,293.2,10.076,3074.0,10076.0,20.55,0.0701,133.52,0.4554,74.87,0.2554,23.56,0.0803,40.7,0.1388
P00808,ai_cloud,hyperscale_ai,APAC,India,Chennai,2025,II,N,hybrid_air_liquid,retrofit,67.8,103.0,226729.0,1.089,0.0,379.0,379.0,5.59,1672.0,5590.0,26.28,0.0694,175.48,0.463,91.6,0.2417,32.63,0.0861,53.01,0.1399
P00809,colo_operator,edge,Europe,UK,London,2019,IV,2N,liquid_dtc,shell_fitout,3.8,14.0,25392.0,1.118,0.0,51.32,51.32,13.504,2021.0,13504.0,0.54,0.0106,24.91,0.4853,14.79,0.2882,4.34,0.0846,6.74,0.1313
P00810,hyperscaler,retail_colo,MEA,UAE,Dubai,2024,III,N+1,free_air_evap,greenfield,5.2,12.0,37199.0,1.012,2.5,51.82,54.33,9.966,1393.0,9966.0,8.69,0.1676,22.44,0.433,9.18,0.1771,4.13,0.0796,7.39,0.1426
P00811,enterprise,wholesale_colo,Latin America,Mexico,Querétaro,2025,III,N+1,air,retrofit,39.4,23.0,195822.0,1.024,0.0,235.29,235.29,5.972,1202.0,5972.0,18.45,0.0784,106.94,0.4545,53.22,0.2262,19.76,0.084,36.92,0.1569
P00812,colo_operator,wholesale_colo,North America,US,Phoenix,2021,III,N+2,hybrid_air_liquid,shell_fitout,32.2,19.0,157414.0,1.089,0.0,213.4,213.4,6.627,1356.0,6627.0,4.3,0.0202,99.65,0.467,60.57,0.2838,18.0,0.0843,30.88,0.1447
P00813,developer,wholesale_colo,APAC,Australia,Sydney,2023,III,N+1,air,retrofit,84.7,10.0,699239.0,1.114,0.0,751.76,751.76,8.876,1075.0,8876.0,65.86,0.0876,353.18,0.4698,158.54,0.2109,59.39,0.079,114.8,0.1527
P00814,colo_operator,retail_colo,North America,Canada,Toronto,2026,III,N+1,air,greenfield,5.7,9.0,47637.0,1.044,3.26,73.69,76.95,12.928,1547.0,12928.0,11.85,0.1608,29.57,0.4013,14.85,0.2015,6.18,0.0838,11.25,0.1526
P00815,colo_operator,edge,APAC,Japan,Osaka,2024,III,N+1,air,greenfield,2.9,11.0,21750.0,1.064,5.82,51.91,57.73,17.901,2387.0,17901.0,8.19,0.1579,21.92,0.4223,10.55,0.2032,3.91,0.0752,7.34,0.1414
P00816,enterprise,edge,Latin America,Mexico,Querétaro,2026,III,N+1,air,retrofit,0.5,14.0,3110.0,1.011,0.0,5.11,5.11,10.23,1645.0,10230.0,0.44,0.0861,2.41,0.4709,1.16,0.2267,0.38,0.0743,0.73,0.142
P00817,developer,hyperscale_cloud,Europe,Spain,Madrid,2026,IV,2N,air,greenfield,146.8,14.0,994663.0,1.063,98.57,1437.09,1535.66,9.789,1445.0,9789.0,221.33,0.154,602.74,0.4194,304.15,0.2116,115.17,0.0801,193.7,0.1348
P00818,developer,hyperscale_ai,Latin America,Mexico,Querétaro,2026,II,N,liquid_dtc,shell_fitout,64.6,131.0,172295.0,1.038,0.0,409.2,409.2,6.334,2375.0,6334.0,4.19,0.0102,197.98,0.4838,117.64,0.2875,30.76,0.0752,58.62,0.1433
P00819,hyperscaler,edge,APAC,India,Chennai,2026,III,N+1,air,greenfield,2.2,14.0,14122.0,1.003,0.44,20.99,21.43,9.541,1486.0,9541.0,3.49,0.1664,8.45,0.4025,4.37,0.2081,1.73,0.0823,2.95,0.1408
P00820,colo_operator,hyperscale_cloud,Nordics,Norway,Oslo,2025,II,N,free_air_evap,greenfield,74.7,27.0,344582.0,1.032,41.01,654.99,696.0,8.768,1901.0,8768.0,113.9,0.1739,281.63,0.43,116.02,0.1771,53.23,0.0813,90.22,0.1377
P00821,hyperscaler,edge,APAC,Indonesia,Batam,2025,III,N+1,air,shell_fitout,0.8,13.0,5143.0,1.103,0.0,7.99,7.99,9.992,1554.0,9992.0,0.25,0.0315,3.99,0.499,1.95,0.2443,0.65,0.0813,1.15,0.144
P00822,developer,hyperscale_cloud,North America,US,Silicon Valley,2023,III,N+1,free_air_evap,greenfield,44.2,28.0,210936.0,1.093,78.01,429.96,507.97,9.728,2038.0,9728.0,74.74,0.1738,185.93,0.4324,70.68,0.1644,36.05,0.0838,62.57,0.1455
P00823,colo_operator,wholesale_colo,Europe,Netherlands,Amsterdam,2022,II,N,air,greenfield,15.7,26.0,70916.0,1.02,22.83,118.88,141.71,7.572,1676.0,7572.0,18.79,0.158,53.79,0.4525,20.58,0.1731,9.76,0.0821,15.96,0.1343
P00824,ai_cloud,wholesale_colo,North America,US,Atlanta,2024,III,N+1,liquid_dtc,greenfield,10.0,12.0,72303.0,1.056,6.32,104.47,110.79,10.447,1445.0,10447.0,14.71,0.1408,40.8,0.3905,26.52,0.2539,8.65,0.0828,13.79,0.132
P00825,hyperscaler,wholesale_colo,Nordics,Finland,Helsinki,2024,III,N+1,hybrid_air_liquid,greenfield,7.9,21.0,40727.0,1.083,5.08,84.29,89.37,10.67,2070.0,10670.0,11.53,0.1368,33.91,0.4022,19.26,0.2285,6.89,0.0818,12.7,0.1506
P00826,hyperscaler,hyperscale_ai,Europe,France,Paris,2024,III,N+1,hybrid_air_liquid,greenfield,245.5,49.0,863650.0,1.052,324.59,2744.28,3068.87,11.178,3178.0,11178.0,400.04,0.1458,1087.86,0.3964,632.79,0.2306,221.36,0.0807,402.24,0.1466
P00827,colo_operator,hyperscale_cloud,Europe,Italy,Milan,2025,III,N+1,free_air_evap,retrofit,27.0,23.0,137591.0,1.008,0.0,193.44,193.44,7.165,1406.0,7165.0,17.84,0.0922,89.8,0.4642,39.72,0.2053,16.43,0.085,29.64,0.1532
P00828,ai_cloud,wholesale_colo,North America,US,Reno,2024,III,N+1,air,greenfield,10.5,8.0,97155.0,1.025,5.03,102.12,107.15,9.725,1051.0,9725.0,15.87,0.1555,42.46,0.4158,21.21,0.2078,8.35,0.0818,14.22,0.1392
P00829,colo_operator,hyperscale_ai,North America,US,Abilene,2020,III,N+1,air,greenfield,180.3,77.0,532910.0,1.008,133.47,1390.58,1524.05,7.713,2609.0,7713.0,221.64,0.1594,587.27,0.4223,278.54,0.2003,114.43,0.0823,188.71,0.1357
P00830,developer,hyperscale_ai,Nordics,Norway,Oslo,2026,III,N+2,hybrid_air_liquid,greenfield,21.1,99.0,65505.0,1.041,12.13,312.69,324.82,14.819,4773.0,14819.0,43.77,0.14,133.35,0.4265,69.5,0.2223,26.64,0.0852,39.42,0.1261
P00831,ai_cloud,hyperscale_cloud,North America,US,Reno,2020,III,N+2,hybrid_air_liquid,greenfield,59.5,23.0,277537.0,1.02,24.02,417.6,441.62,7.019,1505.0,7019.0,61.49,0.1472,175.85,0.4211,90.12,0.2158,30.79,0.0737,59.35,0.1421
P00832,developer,retail_colo,APAC,South Korea,Seoul,2021,III,N+2,air,greenfield,14.1,5.0,178147.0,1.055,30.22,158.74,188.96,11.258,891.0,11258.0,25.53,0.1609,68.27,0.4301,31.44,0.1981,12.42,0.0783,21.07,0.1327
P00833,ai_cloud,wholesale_colo,Nordics,Norway,Oslo,2024,IV,2N,air,greenfield,24.5,18.0,137695.0,1.003,18.08,301.62,319.7,12.311,2190.0,12311.0,48.65,0.1613,129.56,0.4295,56.98,0.1889,24.93,0.0826,41.51,0.1376
P00834,enterprise,hyperscale_cloud,APAC,Japan,Tokyo,2023,IV,2N,hybrid_air_liquid,greenfield,192.3,17.0,925336.0,1.015,268.29,2308.1,2576.39,12.003,2494.0,12003.0,345.37,0.1496,953.89,0.4133,504.95,0.2188,188.05,0.0815,315.84,0.1368
P00835,hyperscaler,wholesale_colo,MEA,UAE,Dubai,2026,III,N+2,air,greenfield,19.8,19.0,99763.0,1.049,12.01,227.25,239.27,11.477,2278.0,11477.0,36.54,0.1608,95.69,0.4211,44.64,0.1964,17.35,0.0763,33.04,0.1454
P00836,developer,hyperscale_cloud,APAC,Japan,Osaka,2026,III,N+2,hybrid_air_liquid,greenfield,91.7,25.0,408392.0,1.071,220.7,1365.91,1586.6,14.895,3345.0,14895.0,201.95,0.1479,547.03,0.4005,320.46,0.2346,109.58,0.0802,186.89,0.1368
P00837,hyperscaler,wholesale_colo,Nordics,Finland,Helsinki,2025,IV,2N,hybrid_air_liquid,shell_fitout,14.2,24.0,65663.0,1.018,0.0,124.77,124.77,8.787,1900.0,8787.0,2.44,0.0195,61.3,0.4913,33.17,0.2658,10.31,0.0826,17.56,0.1408
P00838,hyperscaler,retail_colo,APAC,Australia,Melbourne,2025,IV,2N,hybrid_air_liquid,greenfield,1.6,6.0,18713.0,1.104,1.14,24.62,25.76,15.385,1315.0,15385.0,3.47,0.1408,10.32,0.4193,5.2,0.2113,1.88,0.0765,3.74,0.152
P00839,developer,retail_colo,North America,US,Chicago,2025,III,N+1,air,greenfield,1.7,8.0,16707.0,1.032,1.17,25.06,26.23,14.741,1500.0,14741.0,3.91,0.1559,10.66,0.4252,5.05,0.2013,2.04,0.0815,3.41,0.1361
P00840,colo_operator,retail_colo,APAC,Singapore,Singapore,2022,III,N+1,air,retrofit,17.8,12.0,131308.0,1.049,0.0,194.98,194.98,10.954,1485.0,10954.0,15.46,0.0793,87.42,0.4483,46.96,0.2409,17.14,0.0879,27.99,0.1436
P00841,colo_operator,wholesale_colo,North America,US,Silicon Valley,2026,III,N+1,hybrid_air_liquid,greenfield,57.4,39.0,224836.0,1.095,98.05,731.04,829.09,12.736,3251.0,12736.0,103.24,0.1412,297.97,0.4076,162.65,0.2225,56.28,0.077,110.9,0.1517
P00842,enterprise,retail_colo,Europe,Netherlands,Amsterdam,2025,III,N+2,hybrid_air_liquid,greenfield,4.0,8.0,39690.0,1.005,6.91,61.03,67.94,15.258,1538.0,15258.0,9.76,0.1599,24.28,0.3978,14.0,0.2294,4.44,0.0727,8.56,0.1402
P00843,ai_cloud,retail_colo,Latin America,Chile,Santiago,2022,IV,2N,air,retrofit,10.9,14.0,68663.0,1.004,0.0,87.21,87.21,8.0,1270.0,8000.0,6.57,0.0754,42.61,0.4886,18.86,0.2162,6.56,0.0752,12.6,0.1445
P00844,colo_operator,wholesale_colo,Latin America,Brazil,São Paulo,2023,III,N+1,air,shell_fitout,50.2,29.0,218565.0,1.054,0.0,276.67,276.67,5.511,1266.0,5511.0,8.12,0.0294,141.98,0.5132,64.67,0.2337,22.67,0.0819,39.24,0.1418
P00845,colo_operator,wholesale_colo,North America,US,Dallas-Fort Worth,2025,III,N+1,air,greenfield,22.6,39.0,95795.0,1.004,8.89,191.96,200.86,8.494,2004.0,8494.0,32.82,0.171,76.02,0.396,40.02,0.2085,15.1,0.0787,28.0,0.1459
P00846,ai_cloud,hyperscale_cloud,MEA,Saudi Arabia,Riyadh,2021,III,N+1,free_air_evap,greenfield,163.7,15.0,1009927.0,1.1,76.54,1105.77,1182.32,6.755,1095.0,6755.0,192.68,0.1742,479.82,0.4339,191.08,0.1728,89.75,0.0812,152.44,0.1379
P00847,colo_operator,retail_colo,Nordics,Finland,Helsinki,2024,IV,2N+1,air,greenfield,2.1,12.0,14900.0,1.108,1.22,36.49,37.7,17.375,2449.0,17375.0,5.41,0.1483,15.27,0.4184,7.77,0.2129,3.01,0.0824,5.03,0.1379
P00848,hyperscaler,edge,Europe,Germany,Frankfurt,2022,III,N+2,air,greenfield,1.2,14.0,7619.0,1.09,2.34,20.67,23.01,17.228,2713.0,17228.0,3.4,0.1647,8.56,0.414,4.38,0.2119,1.6,0.0775,2.73,0.132
P00849,developer,wholesale_colo,Latin America,Brazil,São Paulo,2024,III,N+1,hybrid_air_liquid,greenfield,31.7,12.0,216811.0,1.041,3.1,252.56,255.66,7.967,1165.0,7967.0,38.78,0.1536,105.73,0.4186,52.91,0.2095,19.41,0.0769,35.72,0.1414
P00850,ai_cloud,wholesale_colo,North America,US,Chicago,2021,IV,2N+1,air,retrofit,84.9,20.0,457684.0,1.065,0.0,750.61,750.61,8.841,1640.0,8841.0,62.1,0.0827,332.12,0.4425,183.8,0.2449,66.63,0.0888,105.96,0.1412
P00851,ai_cloud,hyperscale_ai,Latin America,Mexico,Querétaro,2026,III,N+2,liquid_dtc,greenfield,174.3,114.0,466505.0,1.035,16.7,1842.41,1859.11,10.57,3949.0,10570.0,264.23,0.1434,758.31,0.4116,417.53,0.2266,146.65,0.0796,255.7,0.1388
P00852,hyperscaler,hyperscale_cloud,Nordics,Finland,Helsinki,2024,II,N,liquid_dtc,shell_fitout,116.1,21.0,658308.0,1.006,0.0,572.16,572.16,4.928,869.0,4928.0,5.93,0.0104,274.42,0.4796,160.33,0.2802,48.65,0.085,82.83,0.1448
P00853,enterprise,retail_colo,North America,US,Silicon Valley,2024,III,N+2,air,retrofit,4.9,19.0,21599.0,1.012,0.0,56.01,56.01,11.43,2593.0,11430.0,4.42,0.0789,27.65,0.4938,12.32,0.22,4.79,0.0855,6.83,0.1219
P00854,developer,edge,Europe,Netherlands,Amsterdam,2024,III,N+1,hybrid_air_liquid,greenfield,1.6,12.0,10196.0,1.015,2.36,24.39,26.75,15.243,2392.0,15243.0,3.5,0.1436,10.6,0.4347,5.23,0.2143,1.81,0.074,3.25,0.1334
P00855,ai_cloud,hyperscale_ai,North America,US,Abilene,2025,III,N+2,liquid_dtc,greenfield,47.8,58.0,189233.0,1.095,34.36,565.45,599.81,11.829,2988.0,11829.0,81.0,0.1433,229.32,0.4055,139.14,0.2461,41.86,0.074,74.14,0.1311
P00856,colo_operator,hyperscale_cloud,Nordics,Finland,Helsinki,2025,III,N+1,air,greenfield,145.4,17.0,843999.0,1.013,68.23,1247.13,1315.36,8.577,1478.0,8577.0,199.64,0.1601,525.06,0.421,263.09,0.211,94.97,0.0761,164.37,0.1318
P00857,ai_cloud,hyperscale_ai,Nordics,Norway,Oslo,2026,III,N+1,liquid_dtc,retrofit,139.1,137.0,378909.0,1.07,0.0,1569.96,1569.96,11.287,4143.0,11287.0,98.29,0.0626,762.44,0.4856,356.42,0.227,129.43,0.0824,223.38,0.1423
P00858,colo_operator,wholesale_colo,North America,US,Reno,2024,III,N+1,air,greenfield,7.5,32.0,32018.0,1.035,3.63,70.27,73.9,9.369,2195.0,9369.0,11.31,0.161,30.31,0.4314,13.0,0.185,5.72,0.0814,9.92,0.1412
P00859,hyperscaler,hyperscale_ai,APAC,Singapore,Singapore,2021,III,N+1,hybrid_air_liquid,shell_fitout,56.3,61.0,192469.0,1.08,0.0,461.01,461.01,8.188,2395.0,8188.0,9.05,0.0196,230.61,0.5002,124.39,0.2698,32.57,0.0706,64.38,0.1397
P00860,hyperscaler,wholesale_colo,APAC,Australia,Sydney,2025,IV,2N,liquid_dtc,greenfield,16.0,39.0,62034.0,1.068,10.61,205.24,215.85,12.828,3309.0,12828.0,27.02,0.1317,80.53,0.3924,51.56,0.2512,16.5,0.0804,29.63,0.1444
P00861,colo_operator,retail_colo,APAC,South Korea,Seoul,2024,IV,2N,hybrid_air_liquid,shell_fitout,2.7,12.0,21693.0,1.101,0.0,25.57,25.57,9.469,1179.0,9469.0,0.52,0.0204,12.88,0.5039,6.33,0.2478,2.09,0.0818,3.74,0.1462
P00862,colo_operator,wholesale_colo,North America,US,Silicon Valley,2023,III,N+1,air,shell_fitout,7.4,10.0,57780.0,1.092,0.0,62.88,62.88,8.498,1088.0,8498.0,1.83,0.0291,32.61,0.5185,14.14,0.2249,4.98,0.0793,9.32,0.1482
P00863,hyperscaler,wholesale_colo,Europe,France,Paris,2025,III,N+1,air,greenfield,38.1,20.0,194428.0,1.046,86.99,412.92,499.91,10.838,2124.0,10838.0,72.69,0.1761,167.69,0.4061,81.73,0.1979,31.8,0.077,59.0,0.1429
P00864,colo_operator,hyperscale_cloud,North America,US,Dallas-Fort Worth,2022,III,N+2,liquid_dtc,greenfield,131.6,24.0,604214.0,1.024,74.35,1080.41,1154.76,8.21,1788.0,8210.0,169.89,0.1573,411.68,0.381,258.75,0.2395,91.03,0.0843,149.05,0.138
P00865,colo_operator,wholesale_colo,MEA,UAE,Dubai,2022,III,N+1,air,greenfield,29.4,25.0,123448.0,1.041,10.66,225.37,236.04,7.666,1826.0,7666.0,37.82,0.1678,98.27,0.436,40.87,0.1813,17.86,0.0792,30.56,0.1356
P00866,hyperscaler,wholesale_colo,Europe,UK,London,2026,IV,2N+1,air,greenfield,8.0,9.0,73177.0,1.049,15.88,130.17,146.06,16.272,1779.0,16272.0,19.76,0.1518,53.95,0.4144,26.66,0.2048,10.79,0.0829,19.02,0.1461
P00867,colo_operator,hyperscale_ai,APAC,South Korea,Seoul,2020,II,N,liquid_dtc,shell_fitout,57.1,55.0,199833.0,1.049,0.0,357.1,357.1,6.254,1787.0,6254.0,3.53,0.0099,174.38,0.4883,100.46,0.2813,29.37,0.0822,49.36,0.1382
P00868,ai_cloud,wholesale_colo,Latin America,Mexico,Querétaro,2026,II,N,liquid_dtc,shell_fitout,18.9,15.0,130527.0,1.119,0.0,99.39,99.39,5.259,761.0,5259.0,0.99,0.01,50.1,0.5041,26.38,0.2655,7.48,0.0753,14.43,0.1452
P00869,colo_operator,wholesale_colo,Europe,France,Paris,2024,IV,2N,free_air_evap,shell_fitout,37.2,19.0,202782.0,1.114,0.0,262.63,262.63,7.06,1295.0,7060.0,10.94,0.0416,131.24,0.4997,59.7,0.2273,22.26,0.0847,38.5,0.1466
P00870,developer,retail_colo,APAC,Australia,Melbourne,2023,III,N+1,free_air_evap,greenfield,1.7,14.0,9937.0,1.011,0.99,18.99,19.98,11.172,1911.0,11172.0,3.13,0.1645,8.33,0.4384,3.26,0.1715,1.52,0.08,2.76,0.1456
P00871,ai_cloud,retail_colo,APAC,Indonesia,Batam,2025,III,N+1,air,shell_fitout,19.3,6.0,213400.0,1.003,0.0,91.85,91.85,4.759,430.0,4759.0,2.73,0.0298,46.72,0.5087,21.94,0.2389,7.73,0.0842,12.72,0.1385
P00872,ai_cloud,wholesale_colo,APAC,Singapore,Singapore,2025,III,N+1,hybrid_air_liquid,shell_fitout,75.4,16.0,493946.0,1.111,0.0,588.36,588.36,7.803,1191.0,7803.0,11.76,0.02,281.75,0.4789,162.16,0.2756,51.81,0.0881,80.88,0.1375
P00873,colo_operator,retail_colo,APAC,Malaysia,Johor,2026,III,N+1,air,greenfield,2.9,7.0,33632.0,1.076,0.49,25.62,26.11,8.835,762.0,8835.0,4.31,0.168,10.29,0.4015,5.41,0.2111,2.1,0.082,3.52,0.1373
P00874,hyperscaler,edge,North America,US,Chicago,2026,III,N+2,hybrid_air_liquid,greenfield,0.9,11.0,6244.0,1.032,0.51,14.32,14.83,15.916,2294.0,15916.0,2.02,0.1411,6.08,0.4246,3.14,0.2194,1.13,0.0788,1.95,0.1361
P00875,enterprise,retail_colo,Europe,Netherlands,Amsterdam,2022,III,N+2,air,retrofit,7.3,16.0,40546.0,1.032,0.0,74.99,74.99,10.272,1849.0,10272.0,6.31,0.0841,34.77,0.4637,17.76,0.2369,5.76,0.0769,10.38,0.1384
P00876,colo_operator,hyperscale_ai,Europe,Ireland,Dublin,2021,III,N+1,liquid_dtc,greenfield,115.4,117.0,354419.0,1.103,78.15,1273.86,1352.0,11.039,3594.0,11039.0,170.49,0.1338,512.77,0.4025,319.07,0.2505,104.14,0.0818,167.38,0.1314
P00877,colo_operator,retail_colo,Europe,Spain,Madrid,2024,III,N+1,air,greenfield,9.1,8.0,94131.0,1.027,5.39,84.49,89.89,9.285,898.0,9285.0,14.27,0.1689,34.61,0.4096,16.7,0.1976,6.83,0.0808,12.09,0.1431
P00878,enterprise,wholesale_colo,Europe,Netherlands,Amsterdam,2026,IV,2N,air,greenfield,15.7,12.0,110733.0,1.032,24.81,238.56,263.37,15.195,2154.0,15195.0,38.05,0.1595,98.98,0.4149,48.12,0.2017,20.0,0.0838,33.41,0.14
P00879,colo_operator,hyperscale_ai,APAC,Singapore,Singapore,2023,III,N+1,liquid_dtc,retrofit,256.4,129.0,706073.0,1.011,0.0,2626.54,2626.54,10.244,3720.0,10244.0,163.49,0.0622,1196.67,0.4556,707.03,0.2692,205.19,0.0781,354.16,0.1348
P00880,developer,retail_colo,MEA,Saudi Arabia,Riyadh,2025,III,N+1,air,shell_fitout,5.1,7.0,49093.0,1.093,0.0,43.68,43.68,8.565,890.0,8565.0,1.13,0.0259,22.72,0.5201,10.03,0.2296,3.54,0.0811,6.26,0.1433
P00881,colo_operator,hyperscale_ai,APAC,Australia,Melbourne,2023,II,N,hybrid_air_liquid,greenfield,206.1,131.0,671413.0,1.061,120.75,2063.91,2184.66,10.014,3074.0,10014.0,292.93,0.1419,898.05,0.4351,435.25,0.2109,158.5,0.0768,279.18,0.1353
P00882,hyperscaler,edge,APAC,Indonesia,Batam,2022,IV,2N,air,greenfield,0.4,13.0,2974.0,1.01,0.06,4.68,4.74,11.694,1573.0,11694.0,0.78,0.1664,1.94,0.4143,0.97,0.2078,0.36,0.0764,0.63,0.1351
P00883,colo_operator,wholesale_colo,Latin America,Mexico,Querétaro,2021,III,N+1,air,greenfield,26.7,11.0,213958.0,1.067,2.6,157.74,160.34,5.908,737.0,5908.0,24.19,0.1533,70.68,0.4481,30.8,0.1953,11.27,0.0714,20.79,0.1318
P00884,ai_cloud,hyperscale_cloud,APAC,India,Chennai,2026,IV,2N,liquid_dtc,retrofit,79.9,17.0,447886.0,1.028,0.0,426.14,426.14,5.333,951.0,5333.0,27.19,0.0638,191.74,0.4499,108.86,0.2554,33.66,0.079,64.7,0.1518
P00885,colo_operator,wholesale_colo,Europe,Netherlands,Amsterdam,2021,III,N+2,air,greenfield,9.6,9.0,85840.0,1.062,10.95,105.82,116.78,11.023,1233.0,11023.0,17.61,0.1664,40.71,0.3847,21.96,0.2075,9.19,0.0868,16.35,0.1545
P00886,colo_operator,wholesale_colo,Nordics,Sweden,Stockholm,2024,IV,2N,air,greenfield,17.6,30.0,77228.0,1.088,11.1,231.62,242.72,13.16,2999.0,13160.0,37.58,0.1623,97.86,0.4225,43.93,0.1897,19.01,0.0821,33.24,0.1435
P00887,developer,wholesale_colo,North America,US,Reno,2026,IV,2N+1,free_air_evap,greenfield,10.1,33.0,40120.0,1.036,6.31,124.62,130.93,12.339,3106.0,12339.0,22.79,0.1829,54.11,0.4342,21.06,0.169,10.03,0.0805,16.63,0.1334
P00888,ai_cloud,retail_colo,Latin America,Chile,Santiago,2026,III,N+2,air,retrofit,4.9,9.0,45557.0,1.111,0.0,52.07,52.07,10.626,1143.0,10626.0,3.97,0.0763,24.7,0.4744,11.24,0.2159,4.14,0.0796,8.0,0.1537
P00889,enterprise,wholesale_colo,North America,US,Salt Lake City,2025,III,N+1,hybrid_air_liquid,greenfield,48.1,19.0,261250.0,1.06,25.56,433.28,458.84,9.008,1658.0,9008.0,62.76,0.1449,177.7,0.4101,96.62,0.223,33.22,0.0767,62.98,0.1454
P00890,ai_cloud,wholesale_colo,APAC,Australia,Sydney,2024,III,N+2,liquid_dtc,greenfield,18.0,14.0,120708.0,1.003,7.78,204.34,212.12,11.352,1693.0,11352.0,28.2,0.138,84.57,0.4139,49.14,0.2405,15.6,0.0764,26.82,0.1312
P00891,enterprise,retail_colo,Latin America,Chile,Santiago,2026,III,N+1,air,greenfield,6.4,7.0,68071.0,1.007,1.1,60.76,61.86,9.494,893.0,9494.0,9.07,0.1492,27.13,0.4465,11.35,0.1868,4.97,0.0819,8.24,0.1356
P00892,ai_cloud,wholesale_colo,Europe,Italy,Milan,2024,III,N+1,free_air_evap,retrofit,13.4,10.0,118197.0,1.037,0.0,107.48,107.48,8.021,909.0,8021.0,10.06,0.0936,52.86,0.4918,21.87,0.2035,8.4,0.0781,14.28,0.1329
P00893,colo_operator,hyperscale_ai,North America,US,Reno,2021,IV,2N,liquid_dtc,greenfield,43.2,60.0,156803.0,1.087,18.72,512.45,531.17,11.862,3268.0,11862.0,74.8,0.146,211.37,0.4125,111.81,0.2182,42.2,0.0824,72.26,0.141
P00894,developer,edge,APAC,Australia,Melbourne,2023,III,N+1,air,greenfield,0.3,14.0,1846.0,1.113,0.22,5.45,5.67,18.158,2950.0,18158.0,0.98,0.1793,2.15,0.3942,1.08,0.1984,0.44,0.0805,0.8,0.1476
P00895,ai_cloud,hyperscale_ai,APAC,Singapore,Singapore,2025,II,N,immersion,retrofit,25.3,90.0,79766.0,1.086,0.0,333.36,333.36,13.176,4179.0,13176.0,15.71,0.0471,149.92,0.4497,93.07,0.2792,26.32,0.079,48.34,0.145
P00896,colo_operator,edge,Europe,UK,London,2026,III,N+1,air,retrofit,0.4,13.0,2397.0,1.107,0.0,6.31,6.31,15.775,2632.0,15775.0,0.56,0.0888,3.09,0.489,1.33,0.2108,0.54,0.0861,0.79,0.1253
P00897,hyperscaler,hyperscale_ai,Europe,France,Paris,2026,IV,2N,hybrid_air_liquid,greenfield,62.0,123.0,204728.0,1.035,70.62,866.83,937.45,13.981,4234.0,13981.0,123.07,0.142,361.61,0.4172,186.86,0.2156,70.53,0.0814,124.76,0.1439
P00898,developer,wholesale_colo,APAC,India,Mumbai,2023,IV,2N,hybrid_air_liquid,greenfield,14.9,28.0,62525.0,1.117,2.6,126.14,128.75,8.466,2017.0,8466.0,18.15,0.1439,50.15,0.3976,29.53,0.2341,10.49,0.0831,17.82,0.1413
P00899,hyperscaler,wholesale_colo,Europe,UK,London,2023,IV,2N,hybrid_air_liquid,greenfield,20.7,34.0,83665.0,1.042,41.93,253.44,295.38,12.244,3029.0,12244.0,35.02,0.1382,106.58,0.4205,56.23,0.2219,19.92,0.0786,35.69,0.1408
P00900,ai_cloud,wholesale_colo,APAC,Singapore,Singapore,2024,IV,2N+1,hybrid_air_liquid,retrofit,68.8,27.0,309810.0,1.026,0.0,861.61,861.61,12.523,2781.0,12523.0,60.94,0.0707,394.09,0.4574,218.32,0.2534,68.45,0.0794,119.81,0.1391
P00901,developer,wholesale_colo,North America,US,Northern Virginia,2024,III,N+1,hybrid_air_liquid,retrofit,16.6,14.0,111320.0,1.074,0.0,137.57,137.57,8.287,1236.0,8287.0,9.4,0.0683,63.18,0.4593,32.89,0.2391,10.07,0.0732,22.03,0.1601
P00902,colo_operator,retail_colo,North America,US,Northern Virginia,2023,IV,2N,air,shell_fitout,2.5,18.0,13264.0,1.097,0.0,25.6,25.6,10.241,1930.0,10241.0,0.75,0.0292,12.42,0.485,6.38,0.249,2.25,0.0879,3.81,0.1489
P00903,ai_cloud,retail_colo,APAC,India,Chennai,2025,III,N+2,air,greenfield,1.6,6.0,18994.0,1.086,0.18,14.43,14.6,9.016,759.0,9016.0,2.32,0.1612,5.93,0.4111,3.19,0.2215,1.05,0.0725,1.93,0.1338
P00904,ai_cloud,retail_colo,North America,Canada,Toronto,2024,III,N+1,air,greenfield,1.1,7.0,12417.0,1.116,0.61,14.55,15.16,13.225,1172.0,13225.0,2.38,0.1639,5.94,0.4081,3.09,0.2124,1.14,0.0787,1.99,0.1368
P00905,hyperscaler,wholesale_colo,Europe,Germany,Frankfurt,2021,III,N+1,hybrid_air_liquid,greenfield,54.3,23.0,254123.0,1.064,105.12,497.16,602.28,9.156,1956.0,9156.0,73.78,0.1484,216.83,0.4361,105.89,0.213,36.38,0.0732,64.29,0.1293
P00906,ai_cloud,hyperscale_ai,APAC,Singapore,Singapore,2025,III,N+2,liquid_dtc,retrofit,56.0,72.0,178799.0,1.053,0.0,839.37,839.37,14.989,4694.0,14989.0,52.61,0.0627,387.84,0.4621,218.54,0.2604,69.11,0.0823,111.27,0.1326
P00907,hyperscaler,wholesale_colo,APAC,Japan,Osaka,2021,III,N+2,air,shell_fitout,16.2,10.0,124289.0,1.026,0.0,129.34,129.34,7.984,1041.0,7984.0,3.74,0.0289,64.84,0.5013,33.02,0.2553,10.09,0.078,17.65,0.1365
P00908,hyperscaler,wholesale_colo,Europe,Germany,Frankfurt,2026,II,N,free_air_evap,shell_fitout,17.9,23.0,98261.0,1.086,0.0,119.36,119.36,6.668,1215.0,6668.0,5.29,0.0443,60.43,0.5063,26.88,0.2252,10.0,0.0838,16.77,0.1405
P00909,hyperscaler,retail_colo,North America,US,Columbus,2023,III,N+2,air,greenfield,9.7,11.0,76166.0,1.037,5.21,99.47,104.68,10.254,1306.0,10254.0,16.56,0.1665,39.07,0.3928,20.49,0.206,8.61,0.0865,14.73,0.1481
P00910,colo_operator,hyperscale_ai,Europe,Ireland,Dublin,2024,III,N+1,hybrid_air_liquid,greenfield,206.9,44.0,780766.0,1.104,92.18,2571.52,2663.7,12.429,3294.0,12429.0,394.14,0.1533,1074.01,0.4177,550.32,0.214,199.0,0.0774,354.05,0.1377
P00911,hyperscaler,hyperscale_ai,North America,US,Dallas-Fort Worth,2026,II,N,hybrid_air_liquid,greenfield,200.1,129.0,556039.0,1.036,93.8,1896.92,1990.72,9.48,3411.0,9480.0,269.09,0.1419,766.71,0.4042,436.05,0.2299,152.01,0.0801,273.06,0.144
P00912,hyperscaler,hyperscale_cloud,Europe,Italy,Milan,2025,III,N+1,air,retrofit,110.3,25.0,570709.0,1.037,0.0,823.33,823.33,7.464,1443.0,7464.0,61.63,0.0749,398.26,0.4837,181.99,0.221,67.84,0.0824,113.61,0.138
P00913,hyperscaler,wholesale_colo,APAC,Japan,Osaka,2025,II,N,air,greenfield,20.2,28.0,91057.0,1.096,27.47,210.67,238.14,10.429,2314.0,10429.0,33.01,0.1567,93.03,0.4416,37.38,0.1774,18.59,0.0883,28.66,0.1361
P00914,hyperscaler,retail_colo,Europe,Netherlands,Amsterdam,2023,III,N+1,air,greenfield,13.1,9.0,112021.0,1.078,31.46,166.05,197.51,12.676,1482.0,12676.0,28.41,0.1711,68.13,0.4103,31.52,0.1898,14.15,0.0852,23.85,0.1436
P00915,colo_operator,retail_colo,APAC,Japan,Osaka,2021,IV,2N+1,hybrid_air_liquid,retrofit,2.2,7.0,22632.0,1.075,0.0,34.25,34.25,15.569,1513.0,15569.0,2.19,0.0639,16.37,0.4779,8.03,0.2345,2.76,0.0807,4.9,0.1429
P00916,ai_cloud,hyperscale_ai,MEA,Saudi Arabia,Riyadh,2020,III,N+2,air,shell_fitout,153.9,116.0,424127.0,1.078,0.0,922.52,922.52,5.994,2175.0,5994.0,27.2,0.0295,465.5,0.5046,227.37,0.2465,77.74,0.0843,124.71,0.1352
P00917,ai_cloud,retail_colo,APAC,Australia,Sydney,2024,III,N+2,air,greenfield,16.7,9.0,147839.0,1.035,12.17,208.38,220.55,12.478,1410.0,12478.0,33.66,0.1615,87.01,0.4175,39.36,0.1889,17.51,0.084,30.86,0.1481
P00918,developer,retail_colo,Europe,Spain,Madrid,2023,III,N+2,hybrid_air_liquid,greenfield,3.5,13.0,25491.0,1.061,2.06,44.56,46.62,12.731,1748.0,12731.0,6.24,0.1401,19.35,0.4343,9.75,0.2189,3.36,0.0755,5.85,0.1312
P00919,hyperscaler,hyperscale_ai,Europe,France,Paris,2023,III,N+1,liquid_dtc,greenfield,44.9,81.0,140702.0,1.081,97.85,525.68,623.54,11.708,3736.0,11708.0,71.85,0.1367,200.52,0.3814,129.43,0.2462,50.02,0.0951,73.87,0.1405
P00920,developer,wholesale_colo,North America,Canada,Toronto,2025,IV,2N,air,greenfield,7.8,28.0,33576.0,1.063,5.09,105.92,111.01,13.579,3154.0,13579.0,16.17,0.1527,45.5,0.4296,21.54,0.2034,8.32,0.0786,14.39,0.1358
P00921,hyperscaler,hyperscale_ai,MEA,UAE,Dubai,2026,III,N+1,immersion,greenfield,29.3,72.0,96225.0,1.05,14.04,398.12,412.16,13.588,4137.0,13588.0,49.78,0.125,154.54,0.3882,102.9,0.2585,33.27,0.0836,57.63,0.1448
P00922,colo_operator,retail_colo,North America,US,Northern Virginia,2020,III,N+1,air,greenfield,21.6,13.0,163992.0,1.011,8.43,203.53,211.96,9.423,1241.0,9423.0,33.04,0.1623,84.77,0.4165,37.48,0.1841,16.25,0.0798,32.01,0.1573
P00923,developer,edge,Latin America,Mexico,Querétaro,2026,III,N+1,air,greenfield,1.4,10.0,11354.0,1.084,0.28,19.13,19.4,13.661,1684.0,13661.0,2.89,0.151,8.1,0.4237,3.91,0.2043,1.56,0.0816,2.67,0.1394
P00924,developer,hyperscale_ai,North America,US,Chicago,2025,III,N+1,liquid_dtc,greenfield,38.8,101.0,119832.0,1.089,22.66,507.76,530.42,13.086,4237.0,13086.0,69.85,0.1376,215.18,0.4238,115.02,0.2265,43.33,0.0853,64.38,0.1268
P00925,ai_cloud,hyperscale_cloud,Nordics,Sweden,Stockholm,2025,IV,2N+1,liquid_dtc,greenfield,133.0,28.0,572619.0,1.068,50.01,1873.27,1923.27,14.085,3271.0,14085.0,250.81,0.1339,752.4,0.4017,447.39,0.2388,158.6,0.0847,264.06,0.141
P00926,developer,hyperscale_ai,North America,US,Atlanta,2025,III,N+1,hybrid_air_liquid,greenfield,23.9,64.0,82196.0,1.009,12.23,259.78,272.01,10.869,3160.0,10869.0,40.02,0.1541,107.42,0.4135,56.68,0.2182,17.87,0.0688,37.78,0.1454
P00927,colo_operator,retail_colo,Latin America,Brazil,São Paulo,2024,III,N+2,hybrid_air_liquid,greenfield,2.5,10.0,19865.0,1.091,0.36,30.44,30.8,12.175,1532.0,12175.0,4.32,0.142,13.1,0.4305,6.43,0.2113,2.5,0.0821,4.08,0.1341
P00928,colo_operator,wholesale_colo,Europe,UK,London,2022,III,N+1,liquid_dtc,retrofit,15.1,33.0,61923.0,1.091,0.0,145.18,145.18,9.615,2345.0,9615.0,9.11,0.0627,64.55,0.4446,39.07,0.2691,12.34,0.085,20.11,0.1385
P00929,colo_operator,hyperscale_ai,Europe,Germany,Frankfurt,2024,IV,2N,liquid_dtc,retrofit,31.6,101.0,87972.0,1.064,0.0,451.17,451.17,14.277,5129.0,14277.0,28.42,0.063,199.7,0.4426,121.28,0.2688,34.37,0.0762,67.4,0.1494
P00930,developer,edge,Europe,Italy,Milan,2023,IV,2N,air,greenfield,1.1,13.0,7399.0,1.014,0.53,17.43,17.95,15.845,2356.0,15845.0,2.73,0.1569,7.58,0.4346,3.39,0.1947,1.34,0.0771,2.38,0.1367
P00931,colo_operator,wholesale_colo,Nordics,Finland,Helsinki,2025,III,N+1,liquid_dtc,greenfield,12.7,30.0,54440.0,1.017,6.82,124.26,131.08,9.784,2282.0,9784.0,17.51,0.1409,52.95,0.4261,28.29,0.2277,9.03,0.0727,16.48,0.1326
P00932,hyperscaler,edge,MEA,Saudi Arabia,Riyadh,2024,III,N+2,liquid_dtc,greenfield,1.4,6.0,15633.0,1.08,0.91,23.71,24.62,16.939,1517.0,16939.0,3.46,0.1459,9.29,0.3918,5.68,0.2396,1.81,0.0761,3.48,0.1466
P00933,colo_operator,hyperscale_ai,MEA,Saudi Arabia,Riyadh,2024,III,N+1,air,greenfield,94.9,93.0,271662.0,1.056,51.02,1025.62,1076.64,10.807,3775.0,10807.0,180.13,0.1756,411.59,0.4013,206.76,0.2016,83.08,0.081,144.05,0.1405
P00934,hyperscaler,wholesale_colo,North America,US,Salt Lake City,2026,III,N+2,air,shell_fitout,45.4,15.0,299950.0,1.049,0.0,296.7,296.7,6.535,989.0,6535.0,8.61,0.029,152.58,0.5142,72.77,0.2453,23.07,0.0778,39.67,0.1337
P00935,hyperscaler,wholesale_colo,Nordics,Sweden,Stockholm,2026,III,N+2,liquid_dtc,shell_fitout,19.5,16.0,115677.0,1.093,0.0,159.66,159.66,8.188,1380.0,8188.0,1.68,0.0105,74.62,0.4673,48.08,0.3011,12.67,0.0793,22.62,0.1417
P00936,colo_operator,hyperscale_cloud,Nordics,Iceland,Reykjavik,2023,III,N+1,hybrid_air_liquid,greenfield,45.7,24.0,212196.0,1.039,28.78,442.41,471.19,9.681,2085.0,9681.0,70.27,0.1588,178.6,0.4037,100.95,0.2282,35.05,0.0792,57.54,0.1301
P00937,colo_operator,retail_colo,Nordics,Iceland,Reykjavik,2022,IV,2N,hybrid_air_liquid,greenfield,3.1,5.0,37865.0,1.053,2.23,38.25,40.48,12.34,1010.0,12340.0,6.04,0.1578,15.84,0.4142,8.32,0.2174,2.99,0.0781,5.07,0.1325
P00938,colo_operator,hyperscale_ai,MEA,UAE,Dubai,2024,IV,2N,liquid_dtc,greenfield,169.0,61.0,549195.0,1.034,94.07,1909.47,2003.54,11.299,3477.0,11299.0,257.7,0.135,802.66,0.4204,434.13,0.2274,160.55,0.0841,254.44,0.1332
P00939,developer,hyperscale_ai,APAC,Indonesia,Batam,2023,IV,2N,liquid_dtc,greenfield,43.8,82.0,144482.0,1.005,5.92,358.32,364.24,8.181,2480.0,8181.0,47.59,0.1328,141.18,0.394,87.57,0.2444,29.04,0.081,52.94,0.1478
P00940,enterprise,wholesale_colo,MEA,Saudi Arabia,Riyadh,2025,III,N+2,liquid_dtc,retrofit,60.0,37.0,228448.0,1.107,0.0,651.9,651.9,10.865,2854.0,10865.0,38.59,0.0592,301.03,0.4618,169.96,0.2607,51.17,0.0785,91.15,0.1398
P00941,enterprise,retail_colo,MEA,South Africa,Johannesburg,2022,IV,2N+1,hybrid_air_liquid,greenfield,15.2,13.0,105612.0,1.028,2.28,154.92,157.19,10.192,1467.0,10192.0,22.03,0.1422,63.81,0.4119,35.7,0.2305,10.72,0.0692,22.66,0.1463
P00942,colo_operator,wholesale_colo,APAC,Australia,Sydney,2023,IV,2N,liquid_dtc,greenfield,73.7,28.0,325281.0,1.084,26.4,970.43,996.84,13.167,2983.0,13167.0,129.46,0.1334,411.72,0.4243,223.0,0.2298,73.56,0.0758,132.68,0.1367
P00943,ai_cloud,wholesale_colo,APAC,Singapore,Singapore,2022,III,N+1,air,greenfield,8.8,33.0,38884.0,1.083,19.12,108.54,127.66,12.334,2791.0,12334.0,18.08,0.1665,44.03,0.4056,22.34,0.2058,8.47,0.078,15.63,0.144
P00944,ai_cloud,hyperscale_cloud,APAC,India,Mumbai,2025,IV,2N,air,greenfield,32.7,19.0,181880.0,1.032,5.5,218.78,224.28,6.69,1203.0,6690.0,33.25,0.152,92.29,0.4218,45.25,0.2068,17.61,0.0805,30.38,0.1389
P00945,colo_operator,edge,APAC,Australia,Sydney,2023,IV,2N,free_air_evap,greenfield,2.9,13.0,18682.0,1.007,1.8,44.0,45.8,15.174,2355.0,15174.0,8.08,0.1836,18.98,0.4312,7.55,0.1716,3.37,0.0766,6.03,0.137
P00946,hyperscaler,wholesale_colo,North America,US,Chicago,2026,IV,2N,air,greenfield,95.2,11.0,653070.0,1.029,34.92,1046.48,1081.4,10.992,1602.0,10992.0,171.53,0.1639,433.53,0.4143,202.65,0.1936,86.24,0.0824,152.53,0.1458
P00947,ai_cloud,hyperscale_cloud,Nordics,Iceland,Reykjavik,2020,III,N+1,hybrid_air_liquid,greenfield,106.0,30.0,440806.0,1.08,54.9,936.61,991.5,8.836,2125.0,8836.0,132.69,0.1417,388.71,0.415,213.68,0.2281,69.64,0.0744,131.89,0.1408
P00948,developer,wholesale_colo,APAC,Australia,Melbourne,2023,III,N+2,air,greenfield,7.1,13.0,51373.0,1.048,3.86,81.47,85.33,11.475,1586.0,11475.0,12.99,0.1595,34.43,0.4226,15.95,0.1958,6.53,0.0801,11.57,0.142
P00949,ai_cloud,hyperscale_cloud,Latin America,Mexico,Querétaro,2022,II,N,hybrid_air_liquid,retrofit,99.4,27.0,500967.0,1.09,0.0,524.18,524.18,5.273,1046.0,5273.0,37.41,0.0714,239.98,0.4578,126.09,0.2405,43.64,0.0833,77.07,0.147
P00950,ai_cloud,edge,Europe,UK,London,2025,II,N,liquid_dtc,greenfield,0.4,14.0,2601.0,1.106,0.97,7.21,8.18,18.029,2773.0,18029.0,1.02,0.1412,2.85,0.3956,1.71,0.2368,0.56,0.0778,1.07,0.1486
P00951,colo_operator,edge,Latin America,Mexico,Querétaro,2021,III,N+1,air,retrofit,3.0,9.0,26575.0,1.07,0.0,28.23,28.23,9.41,1062.0,9410.0,2.14,0.0759,13.03,0.4615,6.58,0.233,2.31,0.0819,4.17,0.1478
P00952,ai_cloud,edge,MEA,South Africa,Johannesburg,2024,IV,2N,air,greenfield,3.3,7.0,32579.0,1.114,0.63,41.62,42.25,12.613,1278.0,12613.0,6.49,0.156,17.83,0.4284,7.99,0.192,3.49,0.0838,5.82,0.1398
P00953,colo_operator,retail_colo,MEA,Saudi Arabia,Riyadh,2026,III,N+2,air,greenfield,12.9,17.0,65877.0,1.043,6.09,146.53,152.62,11.359,2224.0,11359.0,23.6,0.161,61.11,0.4171,29.41,0.2007,12.96,0.0885,19.46,0.1328
P00954,colo_operator,hyperscale_ai,Europe,Ireland,Dublin,2020,III,N+1,hybrid_air_liquid,retrofit,96.1,136.0,278442.0,1.045,0.0,754.89,754.89,7.855,2711.0,7855.0,52.83,0.07,359.2,0.4758,170.44,0.2258,62.2,0.0824,110.23,0.146
P00955,colo_operator,wholesale_colo,North America,US,Abilene,2026,III,N+1,free_air_evap,retrofit,20.1,11.0,160107.0,1.049,0.0,160.35,160.35,7.978,1002.0,7978.0,15.98,0.0996,72.5,0.4521,33.21,0.2071,14.38,0.0897,24.28,0.1514
P00956,colo_operator,retail_colo,North America,US,Silicon Valley,2024,III,N+1,air,shell_fitout,3.9,10.0,29978.0,1.066,0.0,38.32,38.32,9.826,1278.0,9826.0,1.11,0.029,18.53,0.4835,9.85,0.2571,2.97,0.0776,5.85,0.1527
P00957,hyperscaler,retail_colo,North America,US,Columbus,2026,IV,2N,free_air_evap,shell_fitout,1.3,14.0,8477.0,1.017,0.0,11.93,11.93,9.179,1408.0,9179.0,0.49,0.0415,6.41,0.5372,2.31,0.194,1.03,0.0863,1.68,0.1411
P00958,colo_operator,retail_colo,Europe,Spain,Madrid,2024,III,N+1,air,greenfield,5.2,19.0,28659.0,1.01,2.84,54.27,57.11,10.436,1894.0,10436.0,8.52,0.157,23.61,0.4351,10.11,0.1864,4.74,0.0874,7.28,0.1341
P00959,ai_cloud,retail_colo,Nordics,Norway,Oslo,2021,IV,2N,air,greenfield,14.9,12.0,117023.0,1.06,8.12,190.41,198.53,12.779,1627.0,12779.0,31.22,0.1639,80.86,0.4247,36.15,0.1899,15.26,0.0801,26.92,0.1414
P00960,enterprise,hyperscale_ai,Nordics,Norway,Oslo,2022,III,N+1,liquid_dtc,greenfield,27.4,44.0,93901.0,1.059,17.71,282.75,300.46,10.319,3011.0,10319.0,38.14,0.1349,109.43,0.387,71.6,0.2532,23.71,0.0838,39.86,0.141
P00961,hyperscaler,hyperscale_cloud,North America,US,Abilene,2023,II,N,air,greenfield,127.6,25.0,590842.0,1.01,83.1,753.04,836.14,5.902,1275.0,5902.0,119.88,0.1592,313.31,0.4161,146.35,0.1943,62.15,0.0825,111.35,0.1479
P00962,developer,wholesale_colo,APAC,Singapore,Singapore,2024,III,N+1,air,retrofit,9.3,28.0,39326.0,1.103,0.0,117.45,117.45,12.629,2986.0,12629.0,8.58,0.073,55.27,0.4706,26.39,0.2247,9.95,0.0847,17.26,0.147
P00963,hyperscaler,hyperscale_cloud,Europe,Netherlands,Amsterdam,2021,III,N+2,free_air_evap,greenfield,33.8,24.0,167528.0,1.006,74.51,271.54,346.05,8.034,1621.0,8034.0,49.26,0.1814,117.09,0.4312,44.71,0.1647,22.43,0.0826,38.05,0.1401
P00964,colo_operator,edge,APAC,Malaysia,Johor,2024,III,N+2,air,greenfield,1.2,8.0,11943.0,1.098,0.14,16.33,16.47,13.608,1367.0,13608.0,2.75,0.1682,6.4,0.3922,3.33,0.2036,1.36,0.0831,2.5,0.1529
P00965,colo_operator,edge,APAC,Indonesia,Batam,2024,II,N,air,greenfield,1.8,13.0,13028.0,1.054,0.36,15.31,15.67,8.503,1175.0,8503.0,2.29,0.1494,6.7,0.4381,2.97,0.1937,1.26,0.0825,2.09,0.1362
P00966,colo_operator,hyperscale_cloud,Europe,Italy,Milan,2026,IV,2N,hybrid_air_liquid,greenfield,64.5,16.0,369756.0,1.113,44.6,832.82,877.42,12.912,2252.0,12912.0,115.11,0.1382,361.84,0.4345,180.96,0.2173,68.21,0.0819,106.71,0.1281
P00967,ai_cloud,hyperscale_ai,Nordics,Sweden,Stockholm,2020,III,N+2,immersion,greenfield,32.3,125.0,88414.0,1.078,14.97,403.81,418.79,12.502,4567.0,12502.0,48.87,0.121,167.2,0.414,100.78,0.2496,30.9,0.0765,56.07,0.1389
P00968,developer,wholesale_colo,Europe,France,Paris,2026,III,N+2,hybrid_air_liquid,greenfield,63.3,11.0,451285.0,1.038,78.59,806.98,885.57,12.748,1788.0,12748.0,117.16,0.1452,339.45,0.4206,175.32,0.2173,60.19,0.0746,114.86,0.1423
P00969,colo_operator,hyperscale_ai,APAC,India,Mumbai,2023,III,N+1,liquid_dtc,shell_fitout,127.3,65.0,389538.0,1.011,0.0,566.72,566.72,4.452,1455.0,4452.0,5.89,0.0104,264.94,0.4675,165.77,0.2925,41.71,0.0736,88.4,0.156
P00970,developer,wholesale_colo,Europe,Ireland,Dublin,2021,IV,2N,hybrid_air_liquid,greenfield,7.2,21.0,36357.0,1.039,4.67,86.13,90.8,11.963,2369.0,11963.0,12.39,0.1438,36.28,0.4212,18.22,0.2115,7.24,0.0841,12.01,0.1394
P00971,ai_cloud,edge,Europe,France,Paris,2024,IV,2N,air,shell_fitout,4.3,14.0,26424.0,1.02,0.0,49.52,49.52,11.516,1874.0,11516.0,1.52,0.0307,24.85,0.5019,11.67,0.2357,4.47,0.0902,7.01,0.1415
P00972,ai_cloud,hyperscale_ai,Europe,Spain,Madrid,2022,III,N+1,liquid_dtc,greenfield,55.7,111.0,166047.0,1.085,33.81,610.94,644.74,10.968,3679.0,10968.0,80.75,0.1322,249.97,0.4092,141.97,0.2324,48.51,0.0794,89.74,0.1469
P00973,ai_cloud,hyperscale_ai,North America,US,Northern Virginia,2023,III,N+1,liquid_dtc,greenfield,60.9,124.0,182877.0,1.002,25.73,693.51,719.24,11.388,3792.0,11388.0,100.05,0.1443,277.12,0.3996,165.18,0.2382,54.84,0.0791,96.32,0.1389
P00974,ai_cloud,edge,APAC,Japan,Tokyo,2026,IV,2N,free_air_evap,retrofit,0.4,14.0,2798.0,1.054,0.0,7.43,7.43,18.581,2657.0,18581.0,0.75,0.1008,3.58,0.4821,1.39,0.1868,0.64,0.0864,1.07,0.1439
P00975,enterprise,hyperscale_cloud,North America,US,Abilene,2023,III,N+2,air,greenfield,93.8,17.0,543783.0,1.1,45.26,737.27,782.53,7.86,1356.0,7860.0,115.6,0.1568,315.36,0.4277,154.83,0.21,53.19,0.0722,98.29,0.1333
P00976,colo_operator,wholesale_colo,APAC,Singapore,Singapore,2026,III,N+1,air,greenfield,10.7,15.0,71154.0,1.069,25.28,152.21,177.48,14.225,2139.0,14225.0,25.35,0.1666,64.7,0.4251,26.81,0.1761,13.05,0.0857,22.3,0.1465
P00977,ai_cloud,hyperscale_cloud,APAC,Australia,Sydney,2024,IV,2N,free_air_evap,greenfield,34.0,28.0,152331.0,1.098,17.71,422.36,440.07,12.422,2773.0,12422.0,74.58,0.1766,180.89,0.4283,76.02,0.18,31.76,0.0752,59.1,0.1399
P00978,ai_cloud,hyperscale_cloud,North America,Canada,Toronto,2021,III,N+1,liquid_dtc,retrofit,25.5,27.0,105323.0,1.049,0.0,182.03,182.03,7.139,1728.0,7139.0,10.21,0.0561,87.88,0.4828,45.04,0.2474,14.44,0.0793,24.45,0.1343
P00979,hyperscaler,wholesale_colo,MEA,Saudi Arabia,Riyadh,2025,IV,2N,hybrid_air_liquid,greenfield,9.4,24.0,44032.0,1.044,4.23,108.51,112.74,11.543,2464.0,11543.0,14.69,0.1354,46.81,0.4314,24.14,0.2225,8.83,0.0814,14.03,0.1293
P00980,colo_operator,hyperscale_cloud,Europe,France,Paris,2022,IV,2N,liquid_dtc,retrofit,53.0,29.0,227910.0,1.109,0.0,503.25,503.25,9.495,2208.0,9495.0,33.28,0.0661,220.39,0.4379,132.19,0.2627,43.5,0.0864,73.88,0.1468
P00981,colo_operator,retail_colo,Europe,Ireland,Dublin,2023,IV,2N+1,hybrid_air_liquid,retrofit,1.0,19.0,5259.0,1.119,0.0,16.14,16.14,16.142,3070.0,16142.0,1.17,0.0726,7.42,0.4596,4.01,0.2486,1.25,0.0772,2.29,0.142
P00982,colo_operator,edge,APAC,Australia,Melbourne,2026,III,N+1,hybrid_air_liquid,greenfield,0.5,12.0,3864.0,1.082,0.27,10.42,10.68,20.832,2695.0,20832.0,1.62,0.1557,4.38,0.4201,2.16,0.2071,0.81,0.0775,1.45,0.1396
P00983,colo_operator,hyperscale_ai,Latin America,Chile,Santiago,2023,III,N+1,air,greenfield,20.1,110.0,59970.0,1.079,3.38,203.33,206.71,10.116,3391.0,10116.0,31.24,0.1537,86.52,0.4255,42.79,0.2104,15.11,0.0743,27.68,0.1361
P00984,enterprise,wholesale_colo,Europe,UK,London,2024,IV,2N,air,greenfield,19.7,9.0,165967.0,1.045,29.74,261.66,291.39,13.282,1577.0,13282.0,41.2,0.1575,109.04,0.4167,56.76,0.2169,20.78,0.0794,33.88,0.1295
P00985,colo_operator,retail_colo,APAC,Singapore,Singapore,2025,III,N+1,air,greenfield,3.4,8.0,31605.0,1.092,6.93,49.52,56.45,14.564,1567.0,14564.0,7.49,0.1513,20.0,0.4039,10.38,0.2097,3.81,0.0769,7.83,0.1582
P00986,enterprise,retail_colo,APAC,Indonesia,Batam,2026,III,N+2,air,greenfield,19.5,18.0,117499.0,1.104,3.32,197.15,200.46,10.11,1678.0,10110.0,30.45,0.1545,83.41,0.4231,39.77,0.2017,14.89,0.0755,28.62,0.1452
P00987,developer,hyperscale_ai,Europe,Ireland,Dublin,2023,III,N+1,air,greenfield,126.0,62.0,430805.0,1.028,56.0,1399.48,1455.48,11.107,3249.0,11107.0,221.51,0.1583,584.06,0.4173,298.97,0.2136,102.41,0.0732,192.53,0.1376
P00988,colo_operator,wholesale_colo,North America,US,Chicago,2021,IV,2N,air,greenfield,15.6,29.0,68076.0,1.111,11.37,158.18,169.55,10.14,2324.0,10140.0,24.59,0.1554,67.87,0.4291,31.72,0.2006,12.23,0.0773,21.77,0.1376
P00989,hyperscaler,wholesale_colo,MEA,South Africa,Johannesburg,2025,II,N,air,retrofit,7.0,30.0,31379.0,1.026,0.0,42.48,42.48,6.068,1354.0,6068.0,3.53,0.0831,20.39,0.48,9.0,0.2118,3.51,0.0827,6.05,0.1423
P00990,colo_operator,retail_colo,Latin America,Brazil,São Paulo,2024,III,N+2,air,greenfield,7.6,15.0,50449.0,1.033,1.3,75.16,76.47,9.89,1490.0,9890.0,11.23,0.1494,34.12,0.454,14.14,0.1882,5.66,0.0753,10.01,0.1331
P00991,colo_operator,edge,North America,US,Atlanta,2025,II,N,air,shell_fitout,0.4,10.0,2903.0,1.089,0.0,3.33,3.33,8.316,1146.0,8316.0,0.11,0.032,1.7,0.5111,0.77,0.2324,0.28,0.0848,0.46,0.1397
P00992,colo_operator,hyperscale_ai,North America,US,Atlanta,2025,III,N+1,liquid_dtc,retrofit,44.6,104.0,123501.0,1.009,0.0,446.57,446.57,10.013,3616.0,10013.0,28.25,0.0633,198.07,0.4435,119.13,0.2668,37.24,0.0834,63.88,0.143
P00993,ai_cloud,wholesale_colo,APAC,Singapore,Singapore,2025,IV,2N,free_air_evap,greenfield,6.6,32.0,30077.0,1.025,12.14,103.52,115.65,15.684,3442.0,15684.0,17.62,0.1703,44.17,0.4267,17.71,0.171,7.78,0.0751,16.24,0.1569
P00994,hyperscaler,wholesale_colo,MEA,Saudi Arabia,Riyadh,2026,III,N+1,air,shell_fitout,54.7,37.0,217803.0,1.103,0.0,395.57,395.57,7.232,1816.0,7232.0,12.89,0.0326,186.52,0.4715,98.81,0.2498,32.91,0.0832,64.44,0.1629
P00995,colo_operator,hyperscale_ai,APAC,Australia,Sydney,2024,III,N+1,air,retrofit,222.1,88.0,734948.0,1.083,0.0,2210.98,2210.98,9.955,3008.0,9955.0,184.03,0.0832,1013.38,0.4583,509.52,0.2305,173.83,0.0786,330.22,0.1494
P00996,colo_operator,hyperscale_cloud,North America,US,Salt Lake City,2023,II,N,air,greenfield,79.8,13.0,542262.0,1.102,30.24,563.26,593.5,7.058,1039.0,7058.0,85.68,0.1521,240.01,0.4261,111.67,0.1983,49.05,0.0871,76.85,0.1364
P00997,colo_operator,edge,APAC,Australia,Sydney,2026,III,N+1,hybrid_air_liquid,greenfield,0.4,11.0,3182.0,1.006,0.14,7.21,7.35,18.031,2267.0,18031.0,1.11,0.1545,2.89,0.4011,1.66,0.23,0.57,0.0789,0.98,0.1356
P00998,colo_operator,wholesale_colo,Nordics,Finland,Helsinki,2025,II,N,air,greenfield,26.3,24.0,129948.0,1.015,12.16,226.18,238.34,8.6,1741.0,8600.0,34.76,0.1537,100.27,0.4433,42.4,0.1875,17.68,0.0782,31.07,0.1373
P00999,developer,edge,APAC,Japan,Osaka,2025,III,N+1,air,greenfield,1.0,5.0,14297.0,1.086,1.28,19.81,21.09,19.81,1386.0,19810.0,2.81,0.142,8.71,0.4394,3.87,0.1956,1.62,0.0818,2.8,0.1412
P01000,colo_operator,edge,Europe,France,Paris,2023,III,N+1,air,retrofit,0.7,11.0,5437.0,1.077,0.0,9.21,9.21,13.151,1693.0,13151.0,0.81,0.0883,4.16,0.4517,2.02,0.2198,0.79,0.0854,1.42,0.1547
P01001,colo_operator,hyperscale_ai,Latin America,Chile,Santiago,2020,III,N+1,liquid_dtc,greenfield,125.4,126.0,377028.0,1.043,16.83,860.72,877.56,6.864,2283.0,6864.0,121.64,0.1413,353.79,0.411,201.52,0.2341,70.28,0.0817,113.49,0.1319
P01002,hyperscaler,hyperscale_cloud,Europe,Germany,Frankfurt,2021,IV,2N,air,greenfield,181.2,29.0,829692.0,1.115,336.91,1985.22,2322.13,10.956,2393.0,10956.0,309.88,0.1561,850.96,0.4286,412.91,0.208,160.35,0.0808,251.12,0.1265
P01003,colo_operator,edge,North America,US,Columbus,2025,IV,2N,air,greenfield,0.8,11.0,6328.0,1.059,0.55,14.37,14.93,17.969,2272.0,17969.0,2.36,0.164,6.14,0.4273,2.7,0.188,1.17,0.0812,2.01,0.1396
P01004,colo_operator,wholesale_colo,Latin America,Chile,Santiago,2026,III,N+1,hybrid_air_liquid,greenfield,15.4,11.0,118161.0,1.093,2.72,139.4,142.12,9.052,1180.0,9052.0,20.31,0.1457,54.83,0.3933,31.84,0.2284,11.73,0.0841,20.69,0.1484
P01005,developer,retail_colo,Latin America,Mexico,Querétaro,2026,III,N+2,hybrid_air_liquid,retrofit,6.8,19.0,36728.0,1.02,0.0,65.27,65.27,9.599,1777.0,9599.0,4.83,0.074,30.15,0.462,15.85,0.2428,5.33,0.0816,9.11,0.1396
P01006,colo_operator,wholesale_colo,APAC,Australia,Sydney,2024,IV,2N,hybrid_air_liquid,greenfield,69.2,19.0,344963.0,1.038,31.63,792.93,824.56,11.459,2299.0,11459.0,120.62,0.1521,325.71,0.4108,174.74,0.2204,63.69,0.0803,108.18,0.1364
P01007,hyperscaler,edge,Europe,Germany,Frankfurt,2025,III,N+1,hybrid_air_liquid,greenfield,0.9,8.0,8050.0,1.039,1.28,16.04,17.32,17.82,1992.0,17820.0,2.44,0.1521,6.93,0.4322,3.24,0.2018,1.34,0.0837,2.09,0.1302
P01008,developer,wholesale_colo,APAC,Australia,Sydney,2024,III,N+1,free_air_evap,greenfield,8.9,34.0,34703.0,1.102,4.95,96.5,101.45,10.842,2781.0,10842.0,15.88,0.1646,40.97,0.4246,17.12,0.1774,8.0,0.0829,14.52,0.1505
P01009,hyperscaler,wholesale_colo,Nordics,Norway,Oslo,2025,III,N+1,liquid_dtc,greenfield,14.4,16.0,80541.0,1.077,9.38,180.48,189.87,12.534,2241.0,12534.0,23.98,0.1329,73.94,0.4097,43.53,0.2412,13.74,0.0762,25.28,0.1401
P01010,developer,hyperscale_ai,MEA,South Africa,Johannesburg,2021,II,N,liquid_dtc,shell_fitout,85.4,55.0,294720.0,1.01,0.0,357.59,357.59,4.187,1213.0,4187.0,3.59,0.01,176.17,0.4927,100.57,0.2813,29.36,0.0821,47.91,0.134
P01011,enterprise,hyperscale_cloud,North America,US,Northern Virginia,2022,IV,2N,air,retrofit,168.9,15.0,1042412.0,1.095,0.0,1350.97,1350.97,7.999,1296.0,7999.0,117.66,0.0871,621.87,0.4603,309.93,0.2294,112.57,0.0833,188.93,0.1398
P01012,ai_cloud,hyperscale_ai,APAC,Japan,Tokyo,2021,III,N+1,air,greenfield,52.7,94.0,135790.0,1.036,122.18,637.87,760.05,12.104,4697.0,12104.0,97.95,0.1536,272.7,0.4275,130.7,0.2049,49.14,0.077,87.38,0.137
P01013,colo_operator,hyperscale_cloud,North America,US,Columbus,2023,III,N+1,liquid_dtc,greenfield,132.0,27.0,578645.0,1.021,89.44,1161.33,1250.78,8.798,2007.0,8798.0,158.44,0.1364,454.71,0.3915,281.87,0.2427,95.3,0.0821,171.01,0.1473
P01014,enterprise,wholesale_colo,North America,US,Dallas-Fort Worth,2025,IV,2N+1,hybrid_air_liquid,retrofit,24.9,38.0,102307.0,1.084,0.0,289.14,289.14,11.612,2826.0,11612.0,19.9,0.0688,129.47,0.4478,75.53,0.2612,22.95,0.0794,41.29,0.1428
P01015,hyperscaler,edge,North America,US,Northern Virginia,2023,III,N+1,free_air_evap,greenfield,1.4,12.0,9552.0,1.042,0.83,17.73,18.56,12.661,1856.0,12661.0,3.24,0.1828,7.35,0.4145,3.01,0.1699,1.51,0.0852,2.62,0.1475
P01016,colo_operator,wholesale_colo,Latin America,Chile,Santiago,2021,III,N+1,free_air_evap,greenfield,76.4,33.0,317679.0,1.085,8.56,484.17,492.73,6.337,1524.0,6337.0,76.22,0.1574,219.28,0.4529,86.22,0.1781,37.59,0.0776,64.87,0.134
P01017,colo_operator,wholesale_colo,Latin America,Brazil,São Paulo,2022,IV,2N,air,greenfield,7.3,20.0,38062.0,1.072,1.35,68.35,69.7,9.364,1796.0,9364.0,10.66,0.156,28.0,0.4096,13.47,0.1971,6.01,0.088,10.21,0.1494
P01018,ai_cloud,hyperscale_ai,APAC,India,Mumbai,2025,III,N+2,liquid_dtc,greenfield,28.1,93.0,87127.0,1.116,2.81,275.14,277.95,9.792,3158.0,9792.0,37.99,0.1381,111.86,0.4066,63.97,0.2325,21.87,0.0795,39.46,0.1434
P01019,developer,retail_colo,Europe,Spain,Madrid,2023,IV,2N+1,air,retrofit,2.5,16.0,15046.0,1.066,0.0,32.32,32.32,12.928,2148.0,12928.0,2.77,0.0856,14.88,0.4605,7.07,0.2186,2.77,0.0858,4.83,0.1496
P01020,colo_operator,wholesale_colo,North America,US,Reno,2023,III,N+2,free_air_evap,shell_fitout,11.4,29.0,50740.0,1.103,0.0,75.26,75.26,6.602,1483.0,6602.0,3.18,0.0422,36.42,0.4839,17.38,0.2309,6.47,0.086,11.81,0.1569
P01021,ai_cloud,wholesale_colo,Latin America,Chile,Santiago,2025,III,N+1,liquid_dtc,greenfield,48.3,8.0,462813.0,1.058,8.78,375.98,384.76,7.784,812.0,7784.0,52.03,0.1384,153.52,0.4083,89.2,0.2372,29.77,0.0792,51.48,0.1369
P01022,developer,hyperscale_ai,North America,US,Silicon Valley,2026,II,N,liquid_dtc,greenfield,21.5,67.0,66259.0,1.109,48.58,355.18,403.75,16.52,5360.0,16520.0,49.52,0.1394,146.56,0.4127,82.81,0.2331,27.91,0.0786,48.38,0.1362
P01023,colo_operator,wholesale_colo,MEA,Saudi Arabia,Riyadh,2024,III,N+1,free_air_evap,greenfield,11.8,31.0,43873.0,1.094,7.57,118.55,126.12,10.046,2702.0,10046.0,18.22,0.1537,53.93,0.4549,20.38,0.1719,9.25,0.078,16.76,0.1414
P01024,colo_operator,wholesale_colo,Latin America,Chile,Santiago,2025,III,N+1,air,greenfield,24.6,33.0,106748.0,1.1,2.8,242.74,245.54,9.867,2274.0,9867.0,37.91,0.1562,101.17,0.4168,50.48,0.208,20.67,0.0851,32.51,0.1339
P01025,developer,hyperscale_cloud,Europe,Netherlands,Amsterdam,2024,IV,2N,air,greenfield,89.0,23.0,407645.0,1.105,182.26,1080.63,1262.89,12.142,2651.0,12142.0,172.43,0.1596,459.83,0.4255,191.17,0.1769,89.86,0.0832,167.34,0.1548
P01026,enterprise,edge,Latin America,Chile,Santiago,2026,III,N+2,liquid_dtc,greenfield,2.6,15.0,16001.0,1.115,0.42,41.5,41.92,15.961,2593.0,15961.0,5.52,0.133,17.52,0.4221,9.38,0.2261,3.44,0.0828,5.64,0.136
P01027,developer,hyperscale_ai,North America,US,Salt Lake City,2026,III,N+1,hybrid_air_liquid,greenfield,174.7,91.0,532845.0,1.106,86.93,1976.97,2063.9,11.316,3710.0,11316.0,289.24,0.1463,810.02,0.4097,452.47,0.2289,148.04,0.0749,277.2,0.1402
P01028,colo_operator,wholesale_colo,Europe,UK,London,2021,III,N+2,hybrid_air_liquid,greenfield,92.2,33.0,373657.0,1.017,151.91,857.56,1009.48,9.301,2295.0,9301.0,122.28,0.1426,374.67,0.4369,181.74,0.2119,66.89,0.078,111.99,0.1306
P01029,ai_cloud,wholesale_colo,MEA,UAE,Dubai,2025,III,N+1,liquid_dtc,greenfield,8.3,36.0,31488.0,1.102,5.63,104.99,110.62,12.649,3334.0,12649.0,13.95,0.1328,42.95,0.4091,27.16,0.2587,7.89,0.0751,13.04,0.1242
P01030,enterprise,hyperscale_cloud,Nordics,Norway,Oslo,2026,III,N+2,air,greenfield,38.9,20.0,217692.0,1.041,21.0,407.63,428.64,10.479,1873.0,10479.0,70.38,0.1727,171.12,0.4198,78.31,0.1921,32.44,0.0796,55.39,0.1359
P01031,developer,retail_colo,APAC,South Korea,Seoul,2025,III,N+1,air,greenfield,1.5,10.0,12796.0,1.037,3.16,21.36,24.52,14.24,1669.0,14240.0,3.17,0.1484,9.37,0.4385,4.16,0.1947,1.73,0.0812,2.93,0.1372
P01032,colo_operator,hyperscale_cloud,Nordics,Iceland,Reykjavik,2025,IV,2N,air,greenfield,151.6,22.0,666595.0,1.091,105.85,1521.52,1627.37,10.036,2283.0,10036.0,251.3,0.1652,665.04,0.4371,288.88,0.1899,121.68,0.08,194.63,0.1279
P01033,ai_cloud,retail_colo,North America,US,Phoenix,2022,III,N+1,hybrid_air_liquid,shell_fitout,1.8,11.0,14414.0,1.033,0.0,12.96,12.96,7.198,899.0,7198.0,0.27,0.0205,6.41,0.4943,3.2,0.2469,1.13,0.087,1.96,0.1513
P01034,hyperscaler,wholesale_colo,North America,US,Chicago,2025,III,N+1,air,shell_fitout,47.6,16.0,271539.0,1.1,0.0,316.13,316.13,6.641,1164.0,6641.0,9.07,0.0287,159.07,0.5032,74.59,0.2359,25.14,0.0795,48.26,0.1527
P01035,enterprise,retail_colo,Latin America,Brazil,São Paulo,2026,IV,2N,air,greenfield,1.6,14.0,8751.0,1.002,0.3,19.47,19.77,12.172,2226.0,12172.0,3.22,0.1652,7.93,0.4071,4.07,0.2091,1.42,0.073,2.83,0.1456
P01036,colo_operator,wholesale_colo,APAC,Malaysia,Johor,2024,IV,2N,air,greenfield,59.7,33.0,251853.0,1.094,8.97,556.03,564.99,9.314,2208.0,9314.0,91.16,0.1639,228.61,0.4112,111.55,0.2006,42.8,0.077,81.91,0.1473
P01037,ai_cloud,hyperscale_cloud,APAC,Japan,Tokyo,2023,III,N+1,air,greenfield,26.1,20.0,148107.0,1.057,61.63,260.48,322.11,9.98,1759.0,9980.0,45.81,0.1759,102.03,0.3917,54.5,0.2092,20.73,0.0796,37.42,0.1436
P01038,colo_operator,wholesale_colo,APAC,Australia,Sydney,2022,II,N,air,greenfield,32.0,16.0,192496.0,1.015,11.25,246.38,257.64,7.7,1280.0,7700.0,35.24,0.143,109.58,0.4448,48.14,0.1954,19.36,0.0786,34.07,0.1383
P01039,developer,wholesale_colo,Europe,Germany,Frankfurt,2026,III,N+1,air,retrofit,7.5,18.0,42111.0,1.063,0.0,70.96,70.96,9.461,1685.0,9461.0,6.32,0.0891,33.25,0.4685,15.7,0.2212,5.81,0.0819,9.88,0.1392
P01040,developer,retail_colo,Nordics,Norway,Oslo,2021,IV,2N,hybrid_air_liquid,shell_fitout,2.6,18.0,15894.0,1.094,0.0,23.09,23.09,8.88,1453.0,8880.0,0.43,0.0184,11.51,0.4985,6.05,0.2623,1.74,0.0755,3.35,0.1453
P01041,colo_operator,wholesale_colo,MEA,South Africa,Johannesburg,2021,II,N,liquid_dtc,greenfield,34.1,22.0,169585.0,1.063,4.3,214.43,218.73,6.288,1264.0,6288.0,31.35,0.1462,85.91,0.4006,49.74,0.232,17.21,0.0802,30.22,0.1409
P01042,developer,edge,MEA,UAE,Dubai,2026,III,N+1,air,retrofit,1.2,14.0,7158.0,1.068,0.0,16.41,16.41,13.677,2293.0,13677.0,1.4,0.0855,7.48,0.4557,3.64,0.2216,1.44,0.0877,2.45,0.1496
P01043,colo_operator,hyperscale_cloud,MEA,Saudi Arabia,Riyadh,2023,III,N+1,air,greenfield,33.4,22.0,179417.0,1.047,13.51,302.88,316.38,9.068,1688.0,9068.0,47.61,0.1572,130.87,0.4321,59.82,0.1975,23.48,0.0775,41.1,0.1357
P01044,hyperscaler,hyperscale_ai,APAC,Australia,Melbourne,2020,III,N+2,liquid_dtc,greenfield,48.3,136.0,133909.0,1.095,18.89,510.71,529.59,10.574,3814.0,10574.0,75.09,0.147,199.28,0.3902,122.99,0.2408,40.99,0.0803,72.36,0.1417
P01045,developer,wholesale_colo,APAC,Japan,Osaka,2019,IV,2N,free_air_evap,greenfield,39.0,32.0,161853.0,1.028,54.61,423.99,478.6,10.872,2620.0,10872.0,77.21,0.1821,180.2,0.425,72.69,0.1714,35.09,0.0828,58.8,0.1387
P01046,developer,hyperscale_ai,Europe,Netherlands,Amsterdam,2023,II,N,liquid_dtc,greenfield,88.1,101.0,253632.0,1.06,104.73,837.06,941.79,9.501,3300.0,9501.0,123.22,0.1472,326.25,0.3898,192.76,0.2303,68.18,0.0815,126.66,0.1513
P01047,colo_operator,wholesale_colo,MEA,UAE,Dubai,2021,III,N+1,liquid_dtc,greenfield,12.1,34.0,52316.0,1.034,7.15,109.71,116.86,9.067,2097.0,9067.0,14.54,0.1325,44.8,0.4083,25.73,0.2345,9.51,0.0867,15.13,0.1379
P01048,colo_operator,hyperscale_ai,Europe,France,Paris,2022,III,N+1,air,shell_fitout,86.5,46.0,331549.0,1.085,0.0,588.46,588.46,6.803,1775.0,6803.0,20.27,0.0345,283.23,0.4813,148.63,0.2526,51.39,0.0873,84.94,0.1443
P01049,hyperscaler,hyperscale_ai,North America,US,Northern Virginia,2026,IV,2N,liquid_dtc,greenfield,21.9,68.0,71154.0,1.119,13.35,361.98,375.33,16.529,5087.0,16529.0,51.87,0.1433,150.21,0.415,83.51,0.2307,26.42,0.073,49.98,0.1381
P01050,colo_operator,hyperscale_cloud,MEA,Saudi Arabia,Riyadh,2025,IV,2N,air,greenfield,24.0,22.0,124313.0,1.079,13.24,243.71,256.95,10.155,1960.0,10155.0,37.43,0.1536,101.86,0.4179,49.03,0.2012,19.81,0.0813,35.6,0.1461
P01051,colo_operator,hyperscale_ai,North America,US,Chicago,2025,III,N+1,hybrid_air_liquid,retrofit,33.7,133.0,113532.0,1.012,0.0,325.14,325.14,9.648,2864.0,9648.0,21.83,0.0671,156.67,0.4819,76.41,0.235,26.74,0.0822,43.49,0.1337
P01052,hyperscaler,edge,APAC,Malaysia,Johor,2019,III,N+2,hybrid_air_liquid,greenfield,1.2,14.0,8022.0,1.093,0.22,12.31,12.53,10.259,1535.0,10259.0,1.8,0.1459,5.24,0.4258,2.55,0.2071,0.88,0.0716,1.84,0.1496
P01053,colo_operator,wholesale_colo,North America,US,Chicago,2025,III,N+1,hybrid_air_liquid,greenfield,9.8,34.0,39778.0,1.013,4.11,107.33,111.44,10.952,2698.0,10952.0,16.01,0.1492,45.03,0.4196,23.57,0.2196,7.95,0.0741,14.76,0.1375
P01054,hyperscaler,edge,APAC,Australia,Melbourne,2024,III,N+1,air,greenfield,3.4,13.0,23296.0,1.098,1.33,50.69,52.02,14.91,2176.0,14910.0,7.35,0.1451,22.7,0.4478,9.76,0.1925,4.12,0.0813,6.76,0.1334
P01055,ai_cloud,hyperscale_ai,North America,US,Abilene,2023,III,N+1,hybrid_air_liquid,greenfield,130.8,70.0,446649.0,1.067,57.3,1191.01,1248.31,9.106,2667.0,9106.0,193.62,0.1626,449.0,0.377,283.77,0.2383,86.58,0.0727,178.03,0.1495
P01056,colo_operator,hyperscale_ai,North America,US,Chicago,2024,II,N,hybrid_air_liquid,greenfield,264.0,99.0,787860.0,1.021,143.79,2521.28,2665.07,9.55,3200.0,9550.0,379.73,0.1506,1058.12,0.4197,562.01,0.2229,194.82,0.0773,326.59,0.1295
P01057,ai_cloud,edge,APAC,India,Mumbai,2026,III,N+1,free_air_evap,retrofit,3.7,11.0,25692.0,1.07,0.0,26.6,26.6,7.19,1035.0,7190.0,2.62,0.0985,12.84,0.4827,5.43,0.204,2.07,0.0779,3.64,0.1369
P01058,colo_operator,edge,APAC,Indonesia,Batam,2019,III,N+1,hybrid_air_liquid,greenfield,4.7,6.0,52853.0,1.042,0.93,38.35,39.28,8.159,726.0,8159.0,5.46,0.1425,15.58,0.4063,8.63,0.225,2.91,0.0759,5.77,0.1503
P01059,colo_operator,wholesale_colo,APAC,South Korea,Seoul,2025,IV,2N,hybrid_air_liquid,shell_fitout,6.4,20.0,31493.0,1.104,0.0,70.82,70.82,11.066,2249.0,11066.0,1.43,0.0202,35.71,0.5043,18.51,0.2614,6.21,0.0877,8.96,0.1265
P01060,ai_cloud,edge,Europe,Ireland,Dublin,2021,IV,2N,liquid_dtc,greenfield,2.4,5.0,31083.0,1.066,0.9,37.58,38.48,15.657,1209.0,15657.0,5.21,0.1385,14.86,0.3955,9.21,0.245,2.97,0.0791,5.33,0.1418
P01061,ai_cloud,hyperscale_ai,APAC,South Korea,Seoul,2026,II,N,liquid_dtc,greenfield,70.3,60.0,213636.0,1.029,146.99,790.86,937.85,11.25,3702.0,11250.0,103.11,0.1304,334.76,0.4233,188.85,0.2388,62.18,0.0786,101.95,0.1289
P01062,ai_cloud,hyperscale_cloud,North America,US,Salt Lake City,2025,IV,2N+1,hybrid_air_liquid,greenfield,71.1,26.0,344083.0,1.008,49.04,800.25,849.3,11.255,2326.0,11255.0,114.14,0.1426,334.91,0.4185,169.89,0.2123,66.37,0.0829,114.95,0.1436
P01063,hyperscaler,wholesale_colo,North America,US,Abilene,2024,IV,2N,free_air_evap,greenfield,39.8,34.0,178026.0,1.006,18.27,388.28,406.55,9.756,2181.0,9756.0,68.7,0.1769,162.61,0.4188,66.14,0.1703,33.93,0.0874,56.9,0.1466
P01064,developer,hyperscale_ai,Nordics,Norway,Oslo,2024,III,N+2,liquid_dtc,greenfield,150.6,85.0,461300.0,1.053,109.78,1704.5,1814.29,11.318,3695.0,11318.0,265.75,0.1559,676.94,0.3971,407.14,0.2389,125.84,0.0738,228.83,0.1343
P01065,colo_operator,edge,North America,US,Chicago,2026,III,N+1,free_air_evap,greenfield,1.4,11.0,10555.0,1.117,0.55,26.93,27.48,19.238,2552.0,19238.0,4.73,0.1756,11.67,0.4333,4.9,0.1818,1.95,0.0724,3.69,0.137
P01066,colo_operator,wholesale_colo,APAC,Malaysia,Johor,2022,II,N,hybrid_air_liquid,shell_fitout,30.3,31.0,130614.0,1.099,0.0,120.35,120.35,3.972,921.0,3972.0,2.58,0.0214,56.29,0.4677,33.7,0.28,9.35,0.0777,18.44,0.1532
P01067,ai_cloud,edge,North America,US,Chicago,2024,III,N+2,air,greenfield,1.8,11.0,12667.0,1.087,0.76,26.47,27.22,14.705,2090.0,14705.0,4.25,0.1606,10.98,0.415,5.47,0.2065,2.1,0.0792,3.67,0.1387
P01068,ai_cloud,wholesale_colo,Europe,UK,London,2023,III,N+1,liquid_dtc,greenfield,17.0,31.0,72963.0,1.081,27.13,227.14,254.27,13.361,3113.0,13361.0,31.41,0.1383,92.7,0.4081,53.03,0.2335,17.31,0.0762,32.7,0.144
P01069,hyperscaler,retail_colo,APAC,Australia,Sydney,2025,III,N+1,air,greenfield,19.0,18.0,108131.0,1.007,12.79,216.59,229.39,11.4,2003.0,11400.0,34.1,0.1574,91.55,0.4227,44.87,0.2072,16.4,0.0757,29.67,0.137
P01070,developer,hyperscale_ai,North America,US,Northern Virginia,2025,III,N+2,immersion,shell_fitout,104.1,132.0,283006.0,1.002,0.0,943.08,943.08,9.059,3332.0,9059.0,9.48,0.0101,446.94,0.4739,280.82,0.2978,76.85,0.0815,128.99,0.1368
P01071,colo_operator,hyperscale_cloud,Nordics,Norway,Oslo,2026,III,N+1,air,greenfield,74.5,16.0,438516.0,1.048,51.13,706.47,757.6,9.483,1611.0,9483.0,120.13,0.17,285.25,0.4038,136.27,0.1929,60.23,0.0853,104.59,0.148
P01072,colo_operator,edge,APAC,India,Chennai,2025,III,N+2,air,greenfield,0.4,8.0,3863.0,1.054,0.05,3.58,3.63,8.941,926.0,8941.0,0.6,0.1688,1.4,0.3916,0.75,0.2091,0.33,0.0909,0.5,0.1396
P01073,hyperscaler,edge,Europe,Germany,Frankfurt,2025,III,N+1,liquid_dtc,greenfield,0.5,12.0,3754.0,1.079,0.9,10.47,11.36,20.932,2788.0,20932.0,1.46,0.1396,4.03,0.3848,2.62,0.2501,0.82,0.0786,1.54,0.1469
P01074,colo_operator,wholesale_colo,North America,US,Silicon Valley,2025,III,N+1,hybrid_air_liquid,retrofit,66.8,22.0,301050.0,1.084,0.0,676.57,676.57,10.128,2247.0,10128.0,45.07,0.0666,321.03,0.4745,164.01,0.2424,51.8,0.0766,94.67,0.1399
P01075,enterprise,hyperscale_ai,Europe,Italy,Milan,2025,III,N+1,hybrid_air_liquid,greenfield,138.4,120.0,392909.0,1.041,98.31,1509.28,1607.59,10.905,3841.0,10905.0,217.18,0.1439,644.06,0.4267,313.86,0.208,116.65,0.0773,217.52,0.1441
P01076,colo_operator,hyperscale_ai,Nordics,Norway,Oslo,2025,III,N+1,liquid_dtc,retrofit,106.5,103.0,344638.0,1.101,0.0,1157.24,1157.24,10.866,3358.0,10866.0,70.86,0.0612,547.52,0.4731,305.75,0.2642,87.08,0.0752,146.03,0.1262
P01077,developer,hyperscale_ai,North America,US,Abilene,2026,II,N,immersion,shell_fitout,92.7,57.0,323247.0,1.079,0.0,701.92,701.92,7.572,2171.0,7572.0,7.0,0.01,324.13,0.4618,210.87,0.3004,59.52,0.0848,100.39,0.143
P01078,ai_cloud,hyperscale_ai,Europe,UK,London,2024,III,N+1,hybrid_air_liquid,retrofit,121.9,71.0,381042.0,1.067,0.0,1312.37,1312.37,10.766,3444.0,10766.0,92.17,0.0702,622.22,0.4741,316.48,0.2411,104.44,0.0796,177.06,0.1349
P01079,enterprise,edge,MEA,Saudi Arabia,Riyadh,2025,III,N+1,air,greenfield,0.7,13.0,4381.0,1.025,0.43,9.78,10.21,13.974,2233.0,13974.0,1.55,0.1585,3.94,0.4029,1.98,0.2021,0.87,0.0893,1.44,0.1472
P01080,colo_operator,wholesale_colo,North America,US,Northern Virginia,2026,IV,2N,air,shell_fitout,6.1,16.0,33616.0,1.066,0.0,59.09,59.09,9.687,1758.0,9687.0,1.64,0.0277,29.0,0.4908,14.74,0.2494,4.99,0.0845,8.72,0.1476
P01081,colo_operator,edge,APAC,South Korea,Seoul,2025,III,N+2,air,greenfield,4.2,9.0,38601.0,1.053,8.13,79.39,87.52,18.901,2057.0,18901.0,12.66,0.1595,34.44,0.4339,15.24,0.1919,6.11,0.077,10.94,0.1378
P01082,ai_cloud,hyperscale_ai,North America,US,Dallas-Fort Worth,2024,IV,2N,liquid_dtc,retrofit,29.5,133.0,88071.0,1.066,0.0,377.72,377.72,12.804,4289.0,12804.0,22.3,0.059,162.62,0.4305,104.75,0.2773,30.09,0.0797,57.98,0.1535
P01083,colo_operator,wholesale_colo,Europe,Spain,Madrid,2022,III,N+1,air,shell_fitout,95.5,10.0,781794.0,1.031,0.0,440.95,440.95,4.617,564.0,4617.0,13.3,0.0302,221.03,0.5013,109.6,0.2486,35.17,0.0798,61.85,0.1403
P01084,colo_operator,hyperscale_cloud,Nordics,Iceland,Reykjavik,2023,III,N+1,free_air_evap,greenfield,86.7,24.0,428997.0,1.013,46.3,773.56,819.86,8.922,1803.0,8922.0,125.88,0.1627,330.49,0.4272,144.33,0.1866,64.75,0.0837,108.11,0.1398
P01085,colo_operator,wholesale_colo,Nordics,Norway,Oslo,2025,IV,2N+1,hybrid_air_liquid,greenfield,6.0,17.0,32657.0,1.099,2.66,88.52,91.18,14.754,2711.0,14754.0,13.34,0.1507,37.14,0.4195,19.48,0.22,7.62,0.0861,10.95,0.1237
P01086,enterprise,hyperscale_ai,Nordics,Iceland,Reykjavik,2020,III,N+1,hybrid_air_liquid,greenfield,170.6,105.0,500441.0,1.087,112.71,1546.56,1659.27,9.065,3090.0,9065.0,229.07,0.1481,651.63,0.4213,324.35,0.2097,118.49,0.0766,223.02,0.1442
P01087,colo_operator,wholesale_colo,APAC,Malaysia,Johor,2025,III,N+1,air,greenfield,20.1,24.0,102875.0,1.062,2.2,149.23,151.43,7.424,1451.0,7424.0,25.26,0.1693,63.21,0.4236,28.35,0.19,11.54,0.0773,20.87,0.1398
P01088,colo_operator,wholesale_colo,APAC,Australia,Melbourne,2026,II,N,free_air_evap,greenfield,35.6,13.0,258568.0,1.108,24.93,380.08,405.01,10.676,1470.0,10676.0,68.8,0.181,159.5,0.4196,63.34,0.1666,31.63,0.0832,56.81,0.1495
P01089,developer,hyperscale_ai,APAC,Japan,Osaka,2022,III,N+1,liquid_dtc,retrofit,65.5,131.0,212063.0,1.096,0.0,765.93,765.93,11.694,3612.0,11694.0,48.77,0.0637,353.74,0.4618,200.29,0.2615,59.91,0.0782,103.22,0.1348
P01090,ai_cloud,hyperscale_ai,APAC,India,Mumbai,2026,III,N+1,hybrid_air_liquid,greenfield,54.9,133.0,168701.0,1.084,10.28,440.01,450.29,8.015,2608.0,8015.0,67.36,0.1531,187.65,0.4265,95.93,0.218,32.01,0.0728,57.07,0.1297
P01091,colo_operator,edge,Nordics,Norway,Oslo,2026,IV,2N,liquid_dtc,greenfield,2.2,9.0,19853.0,1.11,1.07,44.33,45.4,20.151,2233.0,20151.0,6.0,0.1354,17.92,0.4043,10.61,0.2394,3.73,0.084,6.07,0.1369
P01092,ai_cloud,wholesale_colo,Nordics,Finland,Helsinki,2022,III,N+1,air,greenfield,9.1,25.0,45718.0,1.02,5.8,79.27,85.07,8.711,1734.0,8711.0,12.58,0.1587,33.94,0.4282,15.48,0.1953,6.57,0.0829,10.69,0.1349
P01093,ai_cloud,hyperscale_cloud,North America,US,Northern Virginia,2026,III,N+2,air,greenfield,121.6,21.0,608603.0,1.097,48.12,1365.07,1413.18,11.226,2243.0,11226.0,224.36,0.1644,565.81,0.4145,267.26,0.1958,109.64,0.0803,197.99,0.145
P01094,hyperscaler,hyperscale_ai,APAC,India,Mumbai,2026,III,N+1,liquid_dtc,greenfield,116.8,124.0,319734.0,1.003,14.93,842.67,857.6,7.215,2636.0,7215.0,117.38,0.1393,329.93,0.3915,214.55,0.2546,67.45,0.08,113.36,0.1345
P01095,ai_cloud,hyperscale_cloud,North America,US,Reno,2025,III,N+1,free_air_evap,greenfield,75.3,30.0,321006.0,1.081,49.43,628.78,678.21,8.35,1959.0,8350.0,110.82,0.1762,246.63,0.3922,117.78,0.1873,57.5,0.0914,96.05,0.1528
P01096,colo_operator,retail_colo,North America,US,Reno,2024,IV,2N,air,greenfield,12.3,6.0,147041.0,1.105,7.68,154.68,162.36,12.576,1052.0,12576.0,23.84,0.1541,66.97,0.4329,29.95,0.1936,12.62,0.0816,21.31,0.1377
P01097,ai_cloud,retail_colo,MEA,Saudi Arabia,Riyadh,2024,IV,2N,hybrid_air_liquid,retrofit,11.9,19.0,60567.0,1.004,0.0,124.23,124.23,10.439,2051.0,10439.0,8.59,0.0691,59.71,0.4807,29.37,0.2365,10.53,0.0848,16.02,0.129
P01098,colo_operator,retail_colo,Nordics,Sweden,Stockholm,2021,III,N+1,hybrid_air_liquid,greenfield,23.2,12.0,159062.0,1.034,12.73,193.63,206.36,8.346,1217.0,8346.0,28.48,0.1471,80.04,0.4133,44.08,0.2276,14.86,0.0767,26.18,0.1352
P01099,enterprise,hyperscale_cloud,Nordics,Finland,Helsinki,2023,IV,2N,air,retrofit,59.6,30.0,260330.0,1.118,0.0,599.28,599.28,10.055,2302.0,10055.0,49.13,0.082,286.69,0.4784,133.42,0.2226,44.85,0.0748,85.2,0.1422
P01100,hyperscaler,retail_colo,North America,US,Columbus,2022,IV,2N,air,greenfield,7.8,10.0,68497.0,1.109,4.71,97.04,101.74,12.441,1417.0,12441.0,15.83,0.1631,42.78,0.4409,18.35,0.1891,7.86,0.081,12.21,0.1259
P01101,colo_operator,retail_colo,North America,US,Phoenix,2026,III,N+2,air,greenfield,4.3,9.0,33713.0,1.056,2.01,59.91,61.92,13.933,1777.0,13933.0,9.58,0.1598,24.84,0.4146,12.66,0.2113,4.76,0.0794,8.08,0.1348
P01102,ai_cloud,hyperscale_cloud,APAC,South Korea,Seoul,2026,IV,2N,liquid_dtc,greenfield,102.6,14.0,672256.0,1.002,196.68,1295.74,1492.42,12.629,1927.0,12629.0,178.96,0.1381,530.76,0.4096,310.58,0.2397,97.55,0.0753,177.88,0.1373
P01103,developer,hyperscale_ai,APAC,Australia,Sydney,2022,III,N+2,liquid_dtc,greenfield,22.5,135.0,72161.0,1.097,9.0,334.61,343.61,14.872,4637.0,14872.0,49.37,0.1476,132.48,0.3959,78.66,0.2351,27.81,0.0831,46.28,0.1383
P01104,developer,wholesale_colo,APAC,India,Chennai,2022,IV,2N,air,greenfield,7.1,27.0,31639.0,1.076,1.3,54.4,55.7,7.662,1719.0,7662.0,8.72,0.1604,22.73,0.4179,10.88,0.2,4.61,0.0847,7.46,0.1371
P01105,hyperscaler,retail_colo,MEA,South Africa,Johannesburg,2022,III,N+2,air,greenfield,18.3,10.0,151105.0,1.036,2.35,148.44,150.79,8.112,982.0,8112.0,21.32,0.1436,65.5,0.4413,28.84,0.1943,12.21,0.0823,20.57,0.1386
P01106,developer,hyperscale_ai,North America,Canada,Toronto,2026,III,N+1,liquid_dtc,greenfield,184.6,50.0,694104.0,1.002,104.17,2253.83,2358.0,12.209,3247.0,12209.0,299.97,0.1331,942.18,0.418,520.07,0.2307,189.13,0.0839,302.5,0.1342
P01107,developer,hyperscale_cloud,North America,US,Salt Lake City,2024,IV,2N,hybrid_air_liquid,greenfield,106.9,19.0,577100.0,1.049,53.91,1056.24,1110.14,9.881,1830.0,9881.0,151.54,0.1435,455.08,0.4308,217.41,0.2058,86.33,0.0817,145.88,0.1381
P01108,enterprise,wholesale_colo,North America,US,Dallas-Fort Worth,2026,III,N+1,air,retrofit,86.4,30.0,358296.0,1.089,0.0,714.85,714.85,8.274,1995.0,8274.0,60.29,0.0843,331.73,0.4641,163.84,0.2292,55.74,0.078,103.24,0.1444
P01109,hyperscaler,edge,Europe,Netherlands,Amsterdam,2024,III,N+1,liquid_dtc,shell_fitout,2.0,10.0,16785.0,1.104,0.0,22.38,22.38,11.19,1333.0,11190.0,0.22,0.0097,11.47,0.5125,5.98,0.2674,1.6,0.0716,3.11,0.1388
P01110,ai_cloud,retail_colo,North America,US,Atlanta,2024,III,N+2,air,greenfield,4.4,15.0,27862.0,1.003,1.87,46.55,48.42,10.58,1671.0,10580.0,7.83,0.1683,18.34,0.3939,9.62,0.2066,3.72,0.0799,7.04,0.1513
P01111,hyperscaler,hyperscale_ai,Europe,France,Paris,2023,II,N,liquid_dtc,greenfield,66.7,47.0,221176.0,1.05,157.32,687.56,844.88,10.308,3109.0,10308.0,94.83,0.1379,283.42,0.4122,158.77,0.2309,54.71,0.0796,95.83,0.1394
P01112,hyperscaler,hyperscale_cloud,MEA,South Africa,Johannesburg,2022,IV,2N+1,air,greenfield,163.7,24.0,740359.0,1.091,20.45,1262.51,1282.97,7.712,1705.0,7712.0,188.15,0.149,558.91,0.4427,244.42,0.1936,97.26,0.077,173.77,0.1376
P01113,ai_cloud,retail_colo,Europe,Italy,Milan,2019,III,N+1,air,greenfield,5.8,16.0,38492.0,1.023,3.8,53.16,56.96,9.166,1381.0,9166.0,8.82,0.1659,22.28,0.4191,10.4,0.1957,4.14,0.0779,7.52,0.1414
P01114,ai_cloud,retail_colo,North America,Canada,Toronto,2019,III,N+1,air,greenfield,23.7,10.0,179010.0,1.078,10.81,223.11,233.92,9.414,1246.0,9414.0,35.23,0.1579,96.07,0.4306,42.35,0.1898,17.9,0.0802,31.57,0.1415
P01115,hyperscaler,hyperscale_cloud,North America,US,Silicon Valley,2021,IV,2N+1,air,greenfield,80.6,13.0,488295.0,1.063,144.14,839.21,983.34,10.412,1719.0,10412.0,133.71,0.1593,360.34,0.4294,163.89,0.1953,66.11,0.0788,115.15,0.1372
P01116,colo_operator,wholesale_colo,Nordics,Iceland,Reykjavik,2024,III,N+1,air,shell_fitout,20.3,8.0,186404.0,1.021,0.0,125.78,125.78,6.196,675.0,6196.0,3.81,0.0303,62.36,0.4958,30.8,0.2449,10.09,0.0802,18.72,0.1488
P01117,ai_cloud,retail_colo,North America,US,Phoenix,2021,III,N+2,free_air_evap,greenfield,14.9,19.0,76268.0,1.042,6.01,121.29,127.3,8.14,1590.0,8140.0,22.25,0.1835,50.11,0.4132,22.2,0.183,9.72,0.0801,17.01,0.1403
P01118,developer,wholesale_colo,Nordics,Norway,Oslo,2026,III,N+1,hybrid_air_liquid,shell_fitout,12.6,33.0,49617.0,1.069,0.0,98.2,98.2,7.793,1979.0,7793.0,1.9,0.0194,49.67,0.5058,24.52,0.2497,8.34,0.085,13.76,0.1401
P01119,ai_cloud,hyperscale_ai,MEA,South Africa,Johannesburg,2025,III,N+2,air,greenfield,25.0,111.0,77008.0,1.01,2.43,252.39,254.82,10.096,3277.0,10096.0,40.54,0.1606,105.63,0.4185,51.44,0.2038,18.89,0.0749,35.88,0.1422
P01120,hyperscaler,edge,APAC,Australia,Melbourne,2024,III,N+1,air,greenfield,3.9,12.0,27304.0,1.036,1.66,48.87,50.53,12.531,1790.0,12531.0,8.03,0.1643,19.6,0.401,10.29,0.2105,3.98,0.0815,6.98,0.1428
P01121,colo_operator,wholesale_colo,Nordics,Iceland,Reykjavik,2025,III,N+2,air,greenfield,61.4,25.0,278637.0,1.079,30.3,694.54,724.84,11.312,2493.0,11312.0,119.94,0.1727,291.0,0.419,135.55,0.1952,53.05,0.0764,95.0,0.1368
P01122,hyperscaler,hyperscale_ai,North America,US,Salt Lake City,2024,IV,2N,liquid_dtc,greenfield,221.2,67.0,716837.0,1.076,160.18,2786.89,2947.07,12.599,3888.0,12599.0,395.96,0.1421,1093.51,0.3924,709.54,0.2546,235.51,0.0845,352.38,0.1264
P01123,enterprise,hyperscale_ai,APAC,Singapore,Singapore,2024,III,N+1,liquid_dtc,shell_fitout,65.2,96.0,192447.0,1.007,0.0,643.03,643.03,9.862,3341.0,9862.0,6.45,0.01,296.38,0.4609,193.15,0.3004,53.2,0.0827,93.86,0.146
P01124,developer,edge,Europe,Netherlands,Amsterdam,2024,III,N+2,free_air_evap,retrofit,1.2,9.0,10107.0,1.017,0.0,18.63,18.63,15.522,1843.0,15522.0,1.93,0.1037,8.78,0.4715,3.61,0.1938,1.41,0.0759,2.89,0.1552
P01125,colo_operator,retail_colo,North America,US,Dallas-Fort Worth,2023,IV,2N,air,greenfield,8.1,18.0,45294.0,1.054,5.42,92.09,97.51,11.369,2033.0,11369.0,13.95,0.1514,39.13,0.4249,19.24,0.2089,6.47,0.0702,13.31,0.1446
P01126,enterprise,hyperscale_cloud,APAC,Japan,Osaka,2023,III,N+1,air,greenfield,67.0,13.0,443321.0,1.119,96.68,662.92,759.6,9.894,1495.0,9894.0,110.43,0.1666,288.07,0.4345,122.64,0.185,52.76,0.0796,89.02,0.1343
P01127,colo_operator,retail_colo,Europe,Netherlands,Amsterdam,2020,III,N+1,hybrid_air_liquid,retrofit,21.9,13.0,137668.0,1.071,0.0,190.9,190.9,8.717,1387.0,8717.0,13.25,0.0694,87.57,0.4587,48.0,0.2514,14.3,0.0749,27.78,0.1455
P01128,ai_cloud,wholesale_colo,APAC,Australia,Sydney,2020,III,N+1,liquid_dtc,greenfield,35.3,24.0,170993.0,1.093,22.51,310.41,332.92,8.793,1815.0,8793.0,41.88,0.1349,130.4,0.4201,75.72,0.2439,22.31,0.0719,40.09,0.1292
P01129,colo_operator,wholesale_colo,Nordics,Norway,Oslo,2023,IV,2N,liquid_dtc,greenfield,35.1,9.0,286371.0,1.017,23.17,432.23,455.4,12.314,1509.0,12314.0,63.27,0.1464,175.86,0.4069,102.43,0.237,29.06,0.0672,61.61,0.1425
P01130,colo_operator,retail_colo,Nordics,Finland,Helsinki,2025,III,N+2,air,shell_fitout,16.1,13.0,109969.0,1.011,0.0,140.26,140.26,8.712,1275.0,8712.0,3.82,0.0272,70.53,0.5028,34.75,0.2478,10.86,0.0775,20.3,0.1448
P01131,colo_operator,hyperscale_ai,Latin America,Chile,Santiago,2024,III,N+2,immersion,greenfield,27.5,77.0,95499.0,1.092,3.71,308.59,312.3,11.221,3231.0,11221.0,38.62,0.1252,122.39,0.3966,80.63,0.2613,23.56,0.0763,43.39,0.1406
P01132,hyperscaler,hyperscale_cloud,MEA,South Africa,Johannesburg,2022,III,N+1,air,greenfield,64.7,25.0,296799.0,1.031,12.26,427.48,439.74,6.607,1440.0,6607.0,73.14,0.1711,180.18,0.4215,86.58,0.2025,30.38,0.0711,57.2,0.1338
P01133,colo_operator,retail_colo,APAC,Japan,Osaka,2024,IV,2N,hybrid_air_liquid,shell_fitout,8.4,20.0,40817.0,1.014,0.0,80.77,80.77,9.616,1979.0,9616.0,1.74,0.0215,38.48,0.4764,22.31,0.2762,6.68,0.0827,11.56,0.1431
P01134,colo_operator,hyperscale_ai,North America,US,Silicon Valley,2022,III,N+1,liquid_dtc,greenfield,280.8,83.0,916827.0,1.063,419.56,3361.81,3781.38,11.972,3667.0,11972.0,484.39,0.1441,1388.1,0.4129,810.37,0.2411,253.71,0.0755,425.25,0.1265
P01135,developer,wholesale_colo,APAC,India,Mumbai,2026,III,N+1,hybrid_air_liquid,greenfield,11.0,18.0,60836.0,1.066,1.28,84.71,85.98,7.701,1392.0,7701.0,12.0,0.1417,35.96,0.4245,19.52,0.2305,6.24,0.0737,10.99,0.1297
P01136,hyperscaler,wholesale_colo,Latin America,Mexico,Querétaro,2023,IV,2N,free_air_evap,shell_fitout,14.2,36.0,52261.0,1.054,0.0,73.6,73.6,5.183,1408.0,5183.0,3.16,0.043,37.51,0.5096,16.92,0.2299,5.76,0.0782,10.25,0.1393
P01137,ai_cloud,hyperscale_ai,APAC,Singapore,Singapore,2023,III,N+2,hybrid_air_liquid,greenfield,20.8,140.0,58728.0,1.099,46.49,340.81,387.3,16.385,5803.0,16385.0,47.34,0.1389,142.28,0.4175,74.18,0.2177,29.23,0.0858,47.78,0.1402
P01138,colo_operator,edge,APAC,Japan,Tokyo,2024,IV,2N,free_air_evap,retrofit,0.4,9.0,3580.0,1.005,0.0,7.38,7.38,18.459,2062.0,18459.0,0.65,0.0878,3.7,0.5018,1.4,0.1902,0.55,0.0748,1.07,0.1454
P01139,hyperscaler,retail_colo,APAC,Australia,Melbourne,2026,III,N+1,free_air_evap,greenfield,1.3,18.0,6722.0,1.078,0.73,18.31,19.04,14.082,2723.0,14082.0,3.34,0.1825,7.66,0.4183,3.02,0.165,1.45,0.0794,2.83,0.1547
P01140,ai_cloud,hyperscale_cloud,MEA,UAE,Dubai,2023,III,N+2,free_air_evap,shell_fitout,44.9,29.0,171350.0,1.073,0.0,249.09,249.09,5.548,1454.0,5548.0,10.87,0.0436,125.13,0.5023,53.18,0.2135,22.3,0.0895,37.61,0.151
P01141,colo_operator,hyperscale_ai,Nordics,Finland,Helsinki,2025,III,N+1,immersion,retrofit,38.4,51.0,137946.0,1.113,0.0,435.73,435.73,11.347,3159.0,11347.0,24.77,0.0568,192.44,0.4417,121.67,0.2792,35.53,0.0815,61.31,0.1407
P01142,colo_operator,hyperscale_ai,APAC,India,Chennai,2023,III,N+1,liquid_dtc,shell_fitout,45.8,110.0,138809.0,1.042,0.0,214.24,214.24,4.678,1543.0,4678.0,2.13,0.0099,105.49,0.4924,56.72,0.2648,19.01,0.0887,30.89,0.1442
P01143,ai_cloud,wholesale_colo,North America,US,Reno,2023,III,N+2,air,greenfield,29.4,24.0,135156.0,1.097,13.04,308.69,321.73,10.5,2284.0,10500.0,47.56,0.1541,136.78,0.4431,57.82,0.1873,25.29,0.0819,41.23,0.1336
P01144,hyperscaler,edge,North America,US,Reno,2021,III,N+1,liquid_dtc,greenfield,2.8,15.0,16215.0,1.061,1.01,38.34,39.35,13.693,2365.0,13693.0,5.93,0.1547,15.08,0.3934,8.85,0.2309,3.1,0.0808,5.38,0.1402
P01145,developer,hyperscale_ai,North America,US,Chicago,2023,III,N+2,liquid_dtc,greenfield,64.9,59.0,232293.0,1.026,38.89,724.84,763.73,11.169,3120.0,11169.0,96.15,0.1327,290.16,0.4003,180.24,0.2487,56.88,0.0785,101.41,0.1399
P01146,ai_cloud,retail_colo,North America,US,Abilene,2024,III,N+1,air,retrofit,4.1,7.0,42631.0,1.027,0.0,38.57,38.57,9.406,905.0,9406.0,3.34,0.0866,17.93,0.4648,8.06,0.209,3.3,0.0854,5.94,0.1541
P01147,colo_operator,hyperscale_cloud,Europe,Germany,Frankfurt,2023,III,N+2,air,retrofit,62.9,19.0,318669.0,1.047,0.0,546.78,546.78,8.693,1716.0,8693.0,47.69,0.0872,242.94,0.4443,134.23,0.2455,44.22,0.0809,77.7,0.1421
P01148,enterprise,edge,North America,US,Chicago,2023,III,N+1,hybrid_air_liquid,greenfield,1.0,14.0,6792.0,1.061,0.59,14.93,15.52,14.931,2198.0,14931.0,2.23,0.1492,6.07,0.4067,3.33,0.223,1.19,0.08,2.11,0.1411
P01149,hyperscaler,hyperscale_cloud,North America,US,Dallas-Fort Worth,2023,IV,2N,free_air_evap,retrofit,98.5,26.0,462240.0,1.102,0.0,786.34,786.34,7.983,1701.0,7983.0,75.81,0.0964,373.67,0.4752,156.61,0.1992,67.63,0.086,112.61,0.1432
P01150,hyperscaler,wholesale_colo,Europe,Germany,Frankfurt,2021,III,N+1,air,greenfield,53.1,17.0,297335.0,1.027,120.66,482.69,603.35,9.09,1623.0,9090.0,78.2,0.162,209.26,0.4335,93.95,0.1946,35.21,0.073,66.07,0.1369
P01151,hyperscaler,wholesale_colo,APAC,Malaysia,Johor,2020,IV,2N+1,air,greenfield,24.7,18.0,126010.0,1.106,2.63,186.26,188.88,7.541,1478.0,7541.0,32.03,0.1719,74.95,0.4024,37.67,0.2022,14.71,0.079,26.91,0.1445
P01152,colo_operator,edge,APAC,India,Mumbai,2025,IV,2N,hybrid_air_liquid,greenfield,0.6,12.0,4074.0,1.028,0.11,6.39,6.49,10.647,1568.0,10647.0,1.0,0.1562,2.8,0.4378,1.27,0.199,0.47,0.0734,0.85,0.1336
P01153,colo_operator,hyperscale_ai,North America,US,Abilene,2024,II,N,hybrid_air_liquid,retrofit,249.6,54.0,778688.0,1.061,0.0,1740.29,1740.29,6.972,2235.0,6972.0,112.37,0.0646,790.22,0.4541,429.45,0.2468,154.55,0.0888,253.69,0.1458
P01154,hyperscaler,hyperscale_ai,Nordics,Iceland,Reykjavik,2024,III,N+1,liquid_dtc,greenfield,271.6,65.0,954959.0,1.04,195.31,2723.65,2918.96,10.028,2852.0,10028.0,375.94,0.138,1085.69,0.3986,684.96,0.2515,209.8,0.077,367.25,0.1348
P01155,ai_cloud,hyperscale_ai,Europe,Ireland,Dublin,2022,III,N+1,liquid_dtc,retrofit,41.9,71.0,123551.0,1.108,0.0,456.59,456.59,10.897,3696.0,10897.0,30.81,0.0675,197.98,0.4336,125.53,0.2749,35.58,0.0779,66.7,0.1461
P01156,developer,retail_colo,Nordics,Norway,Oslo,2024,IV,2N,free_air_evap,greenfield,13.6,17.0,83925.0,1.058,9.28,178.22,187.5,13.104,2124.0,13104.0,31.9,0.179,73.5,0.4124,32.33,0.1814,15.86,0.089,24.62,0.1382
P01157,ai_cloud,wholesale_colo,MEA,UAE,Dubai,2023,II,N,hybrid_air_liquid,greenfield,63.0,40.0,287595.0,1.114,24.02,581.55,605.57,9.231,2022.0,9231.0,80.54,0.1385,248.41,0.4272,124.05,0.2133,45.87,0.0789,82.68,0.1422
P01158,colo_operator,retail_colo,Europe,Germany,Frankfurt,2025,III,N+2,hybrid_air_liquid,retrofit,8.7,8.0,75428.0,1.032,0.0,104.27,104.27,11.985,1382.0,11985.0,7.03,0.0675,48.04,0.4608,25.89,0.2483,8.26,0.0793,15.04,0.1442
P01159,enterprise,retail_colo,APAC,Australia,Melbourne,2026,IV,2N,hybrid_air_liquid,greenfield,7.7,9.0,66846.0,1.033,3.76,116.18,119.94,15.088,1738.0,15088.0,17.86,0.1537,49.2,0.4235,23.54,0.2026,8.9,0.0766,16.68,0.1436
P01160,colo_operator,wholesale_colo,APAC,Australia,Sydney,2026,III,N+2,air,greenfield,59.7,13.0,374679.0,1.118,37.33,713.92,751.26,11.959,1905.0,11959.0,112.35,0.1574,284.5,0.3985,149.59,0.2095,60.69,0.085,106.79,0.1496
P01161,ai_cloud,hyperscale_cloud,North America,US,Northern Virginia,2025,III,N+1,air,shell_fitout,97.7,28.0,408260.0,1.12,0.0,696.47,696.47,7.129,1706.0,7129.0,22.37,0.0321,353.06,0.5069,173.04,0.2485,55.64,0.0799,92.36,0.1326
P01162,developer,wholesale_colo,North America,US,Phoenix,2026,IV,2N,air,greenfield,13.1,16.0,84310.0,1.007,8.05,150.47,158.52,11.486,1785.0,11486.0,26.03,0.173,61.03,0.4056,31.21,0.2074,12.79,0.085,19.42,0.129
P01163,developer,hyperscale_ai,North America,US,Columbus,2026,III,N+1,air,retrofit,21.2,73.0,73705.0,1.05,0.0,229.05,229.05,10.804,3108.0,10804.0,19.44,0.0849,102.71,0.4484,54.04,0.2359,18.98,0.0829,33.86,0.1479
P01164,ai_cloud,wholesale_colo,APAC,Australia,Sydney,2019,III,N+1,air,shell_fitout,54.0,10.0,415541.0,1.109,0.0,263.43,263.43,4.878,634.0,4878.0,7.66,0.0291,137.22,0.5209,64.36,0.2443,19.78,0.0751,34.43,0.1307
P01165,colo_operator,hyperscale_ai,APAC,Australia,Melbourne,2019,III,N+1,air,greenfield,60.4,122.0,179274.0,1.045,42.01,574.81,616.82,9.517,3206.0,9517.0,91.55,0.1593,238.33,0.4146,113.39,0.1973,48.6,0.0846,82.95,0.1443
P01166,ai_cloud,edge,North America,US,Atlanta,2019,IV,2N,hybrid_air_liquid,greenfield,3.0,14.0,18769.0,1.104,2.07,37.93,40.0,12.643,2021.0,12643.0,5.39,0.1421,16.0,0.4218,8.16,0.2151,2.84,0.075,5.54,0.1461
P01167,developer,hyperscale_ai,North America,US,Salt Lake City,2025,II,N,liquid_dtc,retrofit,63.1,102.0,195664.0,1.071,0.0,533.14,533.14,8.449,2725.0,8449.0,30.23,0.0567,251.69,0.4721,135.07,0.2533,42.29,0.0793,73.87,0.1386
P01168,enterprise,wholesale_colo,Latin America,Mexico,Querétaro,2024,IV,2N,free_air_evap,greenfield,15.7,33.0,62199.0,1.102,3.16,140.28,143.44,8.935,2255.0,8935.0,24.5,0.1747,60.08,0.4283,23.81,0.1698,10.94,0.078,20.94,0.1493
P01169,ai_cloud,wholesale_colo,APAC,Australia,Sydney,2026,III,N+1,air,greenfield,81.3,17.0,458608.0,1.091,34.26,933.05,967.31,11.477,2035.0,11477.0,146.29,0.1568,397.47,0.426,185.25,0.1985,74.27,0.0796,129.78,0.1391
P01170,colo_operator,retail_colo,Europe,Italy,Milan,2025,IV,2N+1,free_air_evap,retrofit,19.8,7.0,185581.0,1.098,0.0,213.72,213.72,10.794,1152.0,10794.0,18.15,0.0849,99.11,0.4637,46.13,0.2158,18.17,0.085,32.16,0.1505
P01171,developer,hyperscale_cloud,Nordics,Norway,Oslo,2025,IV,2N,air,greenfield,41.1,14.0,260268.0,1.071,14.44,481.96,496.4,11.727,1852.0,11727.0,78.7,0.1633,194.3,0.4031,100.17,0.2078,36.8,0.0764,71.99,0.1494
P01172,colo_operator,wholesale_colo,Europe,France,Paris,2026,III,N+1,liquid_dtc,shell_fitout,7.0,31.0,31985.0,1.046,0.0,62.34,62.34,8.906,1949.0,8906.0,0.64,0.0103,30.32,0.4863,17.45,0.28,5.11,0.0819,8.82,0.1415
P01173,ai_cloud,hyperscale_ai,MEA,South Africa,Johannesburg,2023,III,N+2,air,shell_fitout,211.4,128.0,575612.0,1.066,0.0,1327.32,1327.32,6.279,2306.0,6279.0,38.11,0.0287,665.7,0.5015,339.05,0.2554,103.52,0.078,180.94,0.1363
P01174,enterprise,retail_colo,Nordics,Finland,Helsinki,2023,III,N+1,hybrid_air_liquid,greenfield,1.2,12.0,7131.0,1.02,0.72,16.06,16.78,13.383,2252.0,13383.0,2.59,0.1615,6.53,0.4065,3.34,0.2082,1.32,0.0822,2.27,0.1416
P01175,developer,hyperscale_ai,APAC,Singapore,Singapore,2024,III,N+2,air,shell_fitout,257.3,79.0,759840.0,1.114,0.0,2554.79,2554.79,9.929,3362.0,9929.0,79.12,0.031,1287.94,0.5041,646.01,0.2529,190.85,0.0747,350.87,0.1373
P01176,colo_operator,wholesale_colo,Europe,Spain,Madrid,2020,IV,2N,free_air_evap,greenfield,14.1,10.0,121058.0,1.014,10.17,117.51,127.69,8.334,971.0,8334.0,20.51,0.1745,48.2,0.4102,20.83,0.1773,9.73,0.0828,18.24,0.1552
P01177,hyperscaler,wholesale_colo,APAC,Malaysia,Johor,2023,III,N+2,liquid_dtc,greenfield,91.6,20.0,484951.0,1.066,8.9,681.13,690.03,7.436,1405.0,7436.0,93.26,0.1369,273.39,0.4014,174.52,0.2562,52.44,0.077,87.51,0.1285
P01178,hyperscaler,hyperscale_ai,MEA,South Africa,Johannesburg,2024,IV,2N,immersion,shell_fitout,211.4,84.0,685061.0,1.046,0.0,1609.95,1609.95,7.616,2350.0,7616.0,16.34,0.0101,750.92,0.4664,483.65,0.3004,126.98,0.0789,232.06,0.1441
P01179,ai_cloud,retail_colo,Latin America,Brazil,São Paulo,2025,III,N+2,air,greenfield,1.3,10.0,11024.0,1.009,0.13,13.9,14.03,10.695,1261.0,10695.0,2.19,0.1573,5.84,0.4202,2.78,0.1997,1.1,0.079,2.0,0.1438
P01180,hyperscaler,wholesale_colo,Latin America,Brazil,São Paulo,2024,IV,2N,air,greenfield,38.5,40.0,143356.0,1.094,6.17,387.65,393.82,10.069,2704.0,10069.0,61.91,0.1597,161.95,0.4178,77.83,0.2008,32.54,0.0839,53.42,0.1378
P01181,developer,retail_colo,Nordics,Sweden,Stockholm,2024,III,N+1,air,shell_fitout,2.0,11.0,15093.0,1.08,0.0,18.9,18.9,9.451,1252.0,9451.0,0.56,0.0297,9.7,0.5131,4.52,0.2391,1.36,0.072,2.76,0.146
P01182,developer,edge,North America,US,Atlanta,2022,IV,2N,air,greenfield,1.2,8.0,12416.0,1.044,0.49,17.84,18.34,14.869,1437.0,14869.0,2.87,0.1608,7.46,0.418,3.58,0.2006,1.45,0.0814,2.48,0.1392
P01183,colo_operator,hyperscale_cloud,Latin America,Mexico,Querétaro,2023,IV,2N,air,retrofit,28.4,23.0,130673.0,1.045,0.0,177.79,177.79,6.26,1361.0,6260.0,15.6,0.0878,84.89,0.4775,38.45,0.2163,13.3,0.0748,25.54,0.1437
P01184,colo_operator,wholesale_colo,APAC,Australia,Melbourne,2022,III,N+1,air,greenfield,49.0,39.0,211715.0,1.023,17.21,416.66,433.87,8.503,1968.0,8503.0,62.31,0.1495,188.9,0.4534,77.7,0.1865,31.74,0.0762,56.0,0.1344
P01185,hyperscaler,edge,MEA,Saudi Arabia,Riyadh,2026,III,N+1,air,shell_fitout,2.4,8.0,23514.0,1.047,0.0,24.57,24.57,10.237,1045.0,10237.0,0.76,0.031,12.5,0.5087,5.77,0.2347,1.95,0.0795,3.59,0.146
P01186,developer,hyperscale_ai,APAC,Australia,Melbourne,2025,II,N,liquid_dtc,greenfield,119.1,129.0,362156.0,1.067,42.94,1366.54,1409.47,11.474,3773.0,11474.0,197.89,0.1448,553.21,0.4048,331.46,0.2426,102.16,0.0748,181.82,0.1331
P01187,developer,wholesale_colo,Nordics,Finland,Helsinki,2025,III,N+1,free_air_evap,retrofit,10.9,15.0,73152.0,1.001,0.0,98.53,98.53,9.04,1347.0,9040.0,8.9,0.0903,46.88,0.4758,20.1,0.204,8.3,0.0842,14.35,0.1457
P01188,enterprise,wholesale_colo,North America,US,Atlanta,2025,III,N+1,air,retrofit,48.9,22.0,250660.0,1.055,0.0,405.41,405.41,8.291,1617.0,8291.0,34.44,0.0849,185.94,0.4587,91.99,0.2269,32.61,0.0804,60.44,0.1491
P01189,hyperscaler,retail_colo,Europe,Ireland,Dublin,2026,III,N+2,air,greenfield,7.9,20.0,38370.0,1.097,2.88,117.22,120.1,14.839,3055.0,14839.0,20.05,0.171,46.15,0.3937,24.18,0.2062,9.74,0.0831,17.11,0.1459
P01190,colo_operator,retail_colo,APAC,Malaysia,Johor,2022,III,N+1,hybrid_air_liquid,retrofit,8.4,8.0,83256.0,1.037,0.0,58.02,58.02,6.908,697.0,6908.0,3.97,0.0684,26.94,0.4643,13.8,0.2379,4.86,0.0838,8.45,0.1457
P01191,colo_operator,retail_colo,APAC,Japan,Osaka,2023,IV,2N,air,greenfield,2.6,8.0,24569.0,1.024,5.64,38.31,43.95,14.735,1559.0,14735.0,5.79,0.1512,15.74,0.4109,7.71,0.2014,3.33,0.087,5.73,0.1495
P01192,colo_operator,wholesale_colo,MEA,Saudi Arabia,Riyadh,2024,III,N+1,free_air_evap,greenfield,94.2,40.0,350161.0,1.055,69.46,780.12,849.58,8.282,2228.0,8282.0,127.49,0.1634,339.37,0.435,142.05,0.1821,67.59,0.0866,103.62,0.1328
P01193,enterprise,wholesale_colo,Nordics,Sweden,Stockholm,2025,III,N+1,free_air_evap,retrofit,64.5,9.0,518877.0,1.073,0.0,566.15,566.15,8.778,1091.0,8778.0,58.87,0.104,263.33,0.4651,111.7,0.1973,50.43,0.0891,81.82,0.1445
P01194,hyperscaler,hyperscale_ai,North America,US,Chicago,2024,III,N+1,air,greenfield,153.0,42.0,621232.0,1.089,60.98,1866.98,1927.96,12.202,3005.0,12202.0,307.84,0.1649,789.38,0.4228,374.39,0.2005,141.09,0.0756,254.28,0.1362
P01195,colo_operator,wholesale_colo,North America,US,Dallas-Fort Worth,2026,III,N+1,air,greenfield,9.2,20.0,47129.0,1.058,6.22,110.11,116.33,11.968,2336.0,11968.0,18.84,0.1711,47.75,0.4336,20.37,0.185,8.67,0.0787,14.49,0.1316
P01196,colo_operator,wholesale_colo,Nordics,Norway,Oslo,2025,III,N+2,free_air_evap,greenfield,16.0,29.0,74559.0,1.016,8.23,178.25,186.49,11.141,2391.0,11141.0,30.73,0.1724,76.23,0.4276,31.52,0.1768,14.89,0.0835,24.89,0.1396
P01197,ai_cloud,wholesale_colo,APAC,Singapore,Singapore,2020,III,N+2,free_air_evap,shell_fitout,53.6,19.0,296519.0,1.038,0.0,378.43,378.43,7.06,1276.0,7060.0,14.71,0.0389,199.24,0.5265,79.38,0.2098,29.59,0.0782,55.51,0.1467
P01198,developer,wholesale_colo,Europe,Spain,Madrid,2025,II,N,hybrid_air_liquid,shell_fitout,18.4,35.0,76204.0,1.089,0.0,122.94,122.94,6.681,1613.0,6681.0,2.68,0.0218,58.31,0.4743,34.46,0.2803,9.64,0.0784,17.85,0.1452
P01199,colo_operator,wholesale_colo,APAC,Malaysia,Johor,2023,II,N,air,greenfield,70.5,35.0,283347.0,1.018,9.63,422.59,432.22,5.994,1491.0,5994.0,67.74,0.1603,166.43,0.3938,87.66,0.2074,36.29,0.0859,64.47,0.1526
P01200,developer,hyperscale_ai,Europe,France,Paris,2026,II,N,hybrid_air_liquid,greenfield,35.1,90.0,109964.0,1.021,51.05,421.96,473.01,12.022,3837.0,12022.0,65.5,0.1552,172.14,0.408,95.84,0.2271,34.23,0.0811,54.26,0.1286
